계약일,단지명,전용면적(㎡),거래금액(만원),시군구
2022-01-01,흥해 서희스타힐스 더 캐슬,59.9874,"18,266",경상북도 포항북구 흥해읍 옥성리
2022-01-01,힐스테이트 초곡,84.856,"37,000",경상북도 포항북구 흥해읍 초곡리
2022-01-03,포항 아이파크,84.5134,"35,500",경상북도 포항남구 오천읍 용산리
2022-01-03,포항 아이파크,101.6515,"46,870",경상북도 포항남구 오천읍 용산리
2022-01-03,포항 아이파크,84.5134,"35,600",경상북도 포항남구 오천읍 용산리
2022-01-03,포항 양학 신원아침도시 퀘렌시아,62.3,"23,369",경상북도 포항북구 득량동
2022-01-03,KTX포항역 삼구 트리니엔,84.9727,"32,990",경상북도 포항북구 흥해읍 이인리
2022-01-03,힐스테이트 초곡,59.76,"26,250",경상북도 포항북구 흥해읍 초곡리
2022-01-04,포항 아이파크,84.5134,"35,600",경상북도 포항남구 오천읍 용산리
2022-01-04,포항 아이파크,75.9101,"32,140",경상북도 포항남구 오천읍 용산리
2022-01-04,포항 아이파크,84.5134,"35,600",경상북도 포항남구 오천읍 용산리
2022-01-04,힐스테이트포항,74.8151,"27,611",경상북도 포항남구 오천읍 원리
2022-01-04,흥해 서희스타힐스 더 캐슬,59.9558,"20,490",경상북도 포항북구 흥해읍 옥성리
2022-01-04,한화 포레나 포항,109.4477,"51,260",경상북도 포항북구 흥해읍 이인리
2022-01-05,포항 아이파크,84.5134,"35,600",경상북도 포항남구 오천읍 용산리
2022-01-05,포항 아이파크,75.9101,"31,990",경상북도 포항남구 오천읍 용산리
2022-01-05,힐스테이트포항,84.8786,"30,562",경상북도 포항남구 오천읍 원리
2022-01-05,한화 포레나 포항,84.8901,"34,850",경상북도 포항북구 흥해읍 이인리
2022-01-06,포항 아이파크,84.5134,"35,550",경상북도 포항남구 오천읍 용산리
2022-01-06,KTX포항역 삼구 트리니엔,67.9916,"25,420",경상북도 포항북구 흥해읍 이인리
2022-01-06,힐스테이트 초곡,74.638,"31,000",경상북도 포항북구 흥해읍 초곡리
2022-01-07,한화 포레나 포항,84.8901,"36,660",경상북도 포항북구 흥해읍 이인리
2022-01-08,포항 아이파크,84.5134,"35,600",경상북도 포항남구 오천읍 용산리
2022-01-08,포항 아이파크,84.5134,"35,600",경상북도 포항남구 오천읍 용산리
2022-01-08,포항 아이파크,84.5134,"35,300",경상북도 포항남구 오천읍 용산리
2022-01-08,힐스테이트포항,74.8151,"28,711",경상북도 포항남구 오천읍 원리
2022-01-09,힐스테이트 초곡,74.835,"33,100",경상북도 포항북구 흥해읍 초곡리
2022-01-10,포항 아이파크,101.6515,"46,340",경상북도 포항남구 오천읍 용산리
2022-01-10,포항 아이파크,101.6515,"46,790",경상북도 포항남구 오천읍 용산리
2022-01-10,포항 양학 신원아침도시 퀘렌시아,60.6372,"26,444",경상북도 포항북구 득량동
2022-01-10,포항 양학 신원아침도시 퀘렌시아,84.77,"36,058",경상북도 포항북구 득량동
2022-01-10,흥해 서희스타힐스 더 캐슬,84.9477,"25,485",경상북도 포항북구 흥해읍 옥성리
2022-01-11,포항 아이파크,84.5134,"34,640",경상북도 포항남구 오천읍 용산리
2022-01-11,포항 양학 신원아침도시 퀘렌시아,60.6372,"26,924",경상북도 포항북구 득량동
2022-01-11,한화 포레나 포항,84.8901,"35,800",경상북도 포항북구 흥해읍 이인리
2022-01-12,포항 아이파크,84.5134,"35,550",경상북도 포항남구 오천읍 용산리
2022-01-12,포항 아이파크,84.5134,"35,600",경상북도 포항남구 오천읍 용산리
2022-01-12,힐스테이트포항,84.8786,"31,430",경상북도 포항남구 오천읍 원리
2022-01-12,흥해 서희스타힐스 더 캐슬,74.9751,"25,130",경상북도 포항북구 흥해읍 옥성리
2022-01-12,흥해 서희스타힐스 더 캐슬,74.9751,"22,495",경상북도 포항북구 흥해읍 옥성리
2022-01-12,KTX포항역 삼구 트리니엔,59.9951,"24,090",경상북도 포항북구 흥해읍 이인리
2022-01-12,힐스테이트 초곡,74.835,"33,000",경상북도 포항북구 흥해읍 초곡리
2022-01-13,포항 아이파크,75.9101,"31,990",경상북도 포항남구 오천읍 용산리
2022-01-13,포항 아이파크,84.5134,"35,700",경상북도 포항남구 오천읍 용산리
2022-01-13,포항 아이파크,84.5134,"35,470",경상북도 포항남구 오천읍 용산리
2022-01-13,포항 아이파크,84.5134,"35,600",경상북도 포항남구 오천읍 용산리
2022-01-13,흥해 서희스타힐스 더 캐슬,74.9751,"23,095",경상북도 포항북구 흥해읍 옥성리
2022-01-13,KTX포항역 삼구 트리니엔,84.9947,"33,090",경상북도 포항북구 흥해읍 이인리
2022-01-13,힐스테이트 초곡,74.993,"32,800",경상북도 포항북구 흥해읍 초곡리
2022-01-14,포항 아이파크,75.9101,"31,790",경상북도 포항남구 오천읍 용산리
2022-01-14,포항 아이파크,84.5134,"35,600",경상북도 포항남구 오천읍 용산리
2022-01-14,힐스테이트포항,59.9785,"21,430",경상북도 포항남구 오천읍 원리
2022-01-15,포항 아이파크,84.5134,"35,600",경상북도 포항남구 오천읍 용산리
2022-01-16,포항 아이파크,84.5134,"35,600",경상북도 포항남구 오천읍 용산리
2022-01-17,힐스테이트포항,74.6624,"27,276",경상북도 포항남구 오천읍 원리
2022-01-17,힐스테이트포항,74.8151,"27,391",경상북도 포항남구 오천읍 원리
2022-01-17,힐스테이트포항,74.8151,"28,038",경상북도 포항남구 오천읍 원리
2022-01-17,힐스테이트 초곡,59.76,"26,600",경상북도 포항북구 흥해읍 초곡리
2022-01-17,힐스테이트 초곡,84.839,"36,900",경상북도 포항북구 흥해읍 초곡리
2022-01-17,힐스테이트 초곡,74.638,"32,300",경상북도 포항북구 흥해읍 초곡리
2022-01-18,한화 포레나 포항,84.8901,"36,680",경상북도 포항북구 흥해읍 이인리
2022-01-18,한화 포레나 포항,84.5162,"35,300",경상북도 포항북구 흥해읍 이인리
2022-01-19,힐스테이트포항,74.6624,"27,246",경상북도 포항남구 오천읍 원리
2022-01-19,힐스테이트포항,84.9562,"29,499",경상북도 포항남구 오천읍 원리
2022-01-19,포항자이 애서턴,101.8942,"63,120",경상북도 포항북구 학잠동
2022-01-19,포항자이 애서턴,125.9389,"78,640",경상북도 포항북구 학잠동
2022-01-19,포항자이 애서턴,125.9389,"78,840",경상북도 포항북구 학잠동
2022-01-19,포항자이 애서턴,84.9253,"51,060",경상북도 포항북구 학잠동
2022-01-19,한화 포레나 포항,109.4477,"53,326",경상북도 포항북구 흥해읍 이인리
2022-01-19,힐스테이트 초곡,84.856,"37,109",경상북도 포항북구 흥해읍 초곡리
2022-01-20,포항 아이파크,84.5134,"35,350",경상북도 포항남구 오천읍 용산리
2022-01-20,포항자이 애서턴,84.9253,"50,860",경상북도 포항북구 학잠동
2022-01-20,포항자이 애서턴,84.9253,"50,960",경상북도 포항북구 학잠동
2022-01-20,한화 포레나 포항,84.8901,"35,100",경상북도 포항북구 흥해읍 이인리
2022-01-20,한화 포레나 포항,75.999,"32,490",경상북도 포항북구 흥해읍 이인리
2022-01-20,한화 포레나 포항,75.999,"32,410",경상북도 포항북구 흥해읍 이인리
2022-01-21,포항 아이파크,84.5134,"35,600",경상북도 포항남구 오천읍 용산리
2022-01-21,포항 아이파크,84.5134,"35,600",경상북도 포항남구 오천읍 용산리
2022-01-21,포항자이 애서턴,84.9146,"52,160",경상북도 포항북구 학잠동
2022-01-21,포항자이 애서턴,84.9146,"51,440",경상북도 포항북구 학잠동
2022-01-21,포항자이 애서턴,84.9146,"51,930",경상북도 포항북구 학잠동
2022-01-21,포항자이 애서턴,84.9146,"51,440",경상북도 포항북구 학잠동
2022-01-21,한화 포레나 포항,84.5162,"35,170",경상북도 포항북구 흥해읍 이인리
2022-01-22,포항자이 애서턴,84.9253,"51,720",경상북도 포항북구 학잠동
2022-01-22,포항자이 애서턴,101.8942,"62,130",경상북도 포항북구 학잠동
2022-01-22,포항자이 애서턴,84.9146,"51,940",경상북도 포항북구 학잠동
2022-01-22,포항자이 애서턴,101.9526,"70,100",경상북도 포항북구 학잠동
2022-01-22,포항자이 애서턴,84.9253,"51,820",경상북도 포항북구 학잠동
2022-01-22,포항자이 애서턴,101.8942,"62,130",경상북도 포항북구 학잠동
2022-01-22,포항자이 애서턴,84.9146,"51,440",경상북도 포항북구 학잠동
2022-01-22,포항자이 애서턴,84.9146,"51,910",경상북도 포항북구 학잠동
2022-01-23,포항 아이파크,84.5134,"35,600",경상북도 포항남구 오천읍 용산리
2022-01-23,힐스테이트포항,74.8151,"26,091",경상북도 포항남구 오천읍 원리
2022-01-23,포항자이 애서턴,101.8942,"64,370",경상북도 포항북구 학잠동
2022-01-24,포항 아이파크,84.5134,"35,600",경상북도 포항남구 오천읍 용산리
2022-01-24,포항자이 애서턴,84.9409,"51,791",경상북도 포항북구 학잠동
2022-01-24,포항자이 애서턴,84.9146,"51,860",경상북도 포항북구 학잠동
2022-01-24,포항자이 애서턴,84.9253,"50,960",경상북도 포항북구 학잠동
2022-01-24,KTX포항역 삼구 트리니엔,84.9947,"32,790",경상북도 포항북구 흥해읍 이인리
2022-01-24,한화 포레나 포항,109.4477,"50,160",경상북도 포항북구 흥해읍 이인리
2022-01-24,한화 포레나 포항,84.8901,"37,080",경상북도 포항북구 흥해읍 이인리
2022-01-24,한화 포레나 포항,109.4477,"50,160",경상북도 포항북구 흥해읍 이인리
2022-01-24,한화 포레나 포항,109.4477,"50,160",경상북도 포항북구 흥해읍 이인리
2022-01-25,포항 아이파크,84.5134,"35,600",경상북도 포항남구 오천읍 용산리
2022-01-25,포항 아이파크,84.5134,"35,600",경상북도 포항남구 오천읍 용산리
2022-01-25,포항자이 애서턴,101.9744,"65,000",경상북도 포항북구 학잠동
2022-01-25,포항자이 애서턴,101.8942,"63,970",경상북도 포항북구 학잠동
2022-01-25,KTX포항역 삼구 트리니엔,84.9947,"33,490",경상북도 포항북구 흥해읍 이인리
2022-01-25,KTX포항역 삼구 트리니엔,84.9947,"33,490",경상북도 포항북구 흥해읍 이인리
2022-01-26,포항자이 애서턴,84.9409,"51,250",경상북도 포항북구 학잠동
2022-01-26,포항자이 애서턴,101.8942,"64,070",경상북도 포항북구 학잠동
2022-01-26,포항자이 애서턴,84.9409,"50,450",경상북도 포항북구 학잠동
2022-01-26,포항자이 애서턴,101.9744,"65,400",경상북도 포항북구 학잠동
2022-01-26,포항자이 애서턴,84.9253,"51,620",경상북도 포항북구 학잠동
2022-01-26,포항자이 애서턴,101.8942,"63,970",경상북도 포항북구 학잠동
2022-01-26,포항자이 애서턴,84.9253,"50,910",경상북도 포항북구 학잠동
2022-01-26,포항자이 애서턴,101.9744,"65,000",경상북도 포항북구 학잠동
2022-01-26,흥해 서희스타힐스 더 캐슬,84.9477,"27,680",경상북도 포항북구 흥해읍 옥성리
2022-01-26,한화 포레나 포항,84.5162,"35,400",경상북도 포항북구 흥해읍 이인리
2022-01-26,한화 포레나 포항,84.8901,"35,200",경상북도 포항북구 흥해읍 이인리
2022-01-27,포항 양학 신원아침도시 퀘렌시아,62.2954,"25,601",경상북도 포항북구 득량동
2022-01-27,포항자이 애서턴,101.8942,"63,120",경상북도 포항북구 학잠동
2022-01-27,포항자이 애서턴,84.9253,"50,860",경상북도 포항북구 학잠동
2022-01-27,포항자이 애서턴,84.9409,"51,350",경상북도 포항북구 학잠동
2022-01-27,포항자이 애서턴,84.9146,"51,200",경상북도 포항북구 학잠동
2022-01-27,포항자이 애서턴,84.9146,"51,960",경상북도 포항북구 학잠동
2022-01-27,포항자이 애서턴,84.9253,"51,620",경상북도 포항북구 학잠동
2022-01-27,KTX포항역 삼구 트리니엔,84.9947,"33,490",경상북도 포항북구 흥해읍 이인리
2022-01-27,힐스테이트 초곡,84.856,"36,900",경상북도 포항북구 흥해읍 초곡리
2022-01-28,포항자이 애서턴,101.9526,"67,400",경상북도 포항북구 학잠동
2022-01-28,포항자이 애서턴,84.9253,"51,040",경상북도 포항북구 학잠동
2022-01-28,포항자이 애서턴,84.9146,"51,960",경상북도 포항북구 학잠동
2022-01-28,포항자이 애서턴,84.9146,"51,300",경상북도 포항북구 학잠동
2022-01-28,한화 포레나 포항,84.8901,"36,300",경상북도 포항북구 흥해읍 이인리
2022-01-28,한화 포레나 포항,84.8901,"36,300",경상북도 포항북구 흥해읍 이인리
2022-01-29,포항자이 애서턴,84.9253,"50,910",경상북도 포항북구 학잠동
2022-01-30,한화 포레나 포항,84.8901,"35,800",경상북도 포항북구 흥해읍 이인리
2022-02-02,포항자이 애서턴,84.9253,"51,720",경상북도 포항북구 학잠동
2022-02-02,KTX포항역 삼구 트리니엔,84.9727,"33,115",경상북도 포항북구 흥해읍 이인리
2022-02-03,포항자이 애서턴,101.8942,"63,970",경상북도 포항북구 학잠동
2022-02-03,포항자이 애서턴,84.9253,"50,860",경상북도 포항북구 학잠동
2022-02-03,포항자이 애서턴,84.9253,"50,760",경상북도 포항북구 학잠동
2022-02-03,흥해 서희스타힐스 더 캐슬,84.9477,"27,780",경상북도 포항북구 흥해읍 옥성리
2022-02-03,KTX포항역 삼구 트리니엔,84.9947,"32,990",경상북도 포항북구 흥해읍 이인리
2022-02-03,한화 포레나 포항,109.4477,"50,210",경상북도 포항북구 흥해읍 이인리
2022-02-04,포항자이 애서턴,101.8942,"63,100",경상북도 포항북구 학잠동
2022-02-04,포항자이 애서턴,84.9253,"51,620",경상북도 포항북구 학잠동
2022-02-04,포항자이 애서턴,84.9253,"51,320",경상북도 포항북구 학잠동
2022-02-04,포항자이 애서턴,84.9253,"51,720",경상북도 포항북구 학잠동
2022-02-04,포항자이 애서턴,84.9409,"51,250",경상북도 포항북구 학잠동
2022-02-04,포항자이 애서턴,101.8942,"64,270",경상북도 포항북구 학잠동
2022-02-04,포항자이 애서턴,101.8942,"63,120",경상북도 포항북구 학잠동
2022-02-04,포항자이 애서턴,84.9253,"51,720",경상북도 포항북구 학잠동
2022-02-04,포항자이 애서턴,84.9253,"50,100",경상북도 포항북구 학잠동
2022-02-04,포항자이 애서턴,84.9253,"51,620",경상북도 포항북구 학잠동
2022-02-04,포항자이 애서턴,101.8942,"64,270",경상북도 포항북구 학잠동
2022-02-04,포항자이 애서턴,101.8942,"63,020",경상북도 포항북구 학잠동
2022-02-04,포항자이 애서턴,84.9253,"51,820",경상북도 포항북구 학잠동
2022-02-04,포항자이 애서턴,101.9744,"65,000",경상북도 포항북구 학잠동
2022-02-04,포항자이 애서턴,101.8942,"64,170",경상북도 포항북구 학잠동
2022-02-04,포항자이 애서턴,84.9253,"51,060",경상북도 포항북구 학잠동
2022-02-04,포항자이 애서턴,101.8942,"64,370",경상북도 포항북구 학잠동
2022-02-04,포항자이 애서턴,84.9253,"50,050",경상북도 포항북구 학잠동
2022-02-04,포항자이 애서턴,125.9389,"78,640",경상북도 포항북구 학잠동
2022-02-04,포항자이 애서턴,84.9253,"51,620",경상북도 포항북구 학잠동
2022-02-04,포항자이 애서턴,84.9146,"52,060",경상북도 포항북구 학잠동
2022-02-04,포항자이 애서턴,84.9253,"50,960",경상북도 포항북구 학잠동
2022-02-04,포항자이 애서턴,84.9146,"51,200",경상북도 포항북구 학잠동
2022-02-04,포항자이 애서턴,101.8942,"63,020",경상북도 포항북구 학잠동
2022-02-04,포항자이 애서턴,84.9253,"50,960",경상북도 포항북구 학잠동
2022-02-04,포항자이 애서턴,101.8942,"63,320",경상북도 포항북구 학잠동
2022-02-04,포항자이 애서턴,84.9253,"50,960",경상북도 포항북구 학잠동
2022-02-04,포항자이 애서턴,84.9253,"51,620",경상북도 포항북구 학잠동
2022-02-04,포항자이 애서턴,84.9409,"51,100",경상북도 포항북구 학잠동
2022-02-04,포항자이 애서턴,125.9389,"78,490",경상북도 포항북구 학잠동
2022-02-04,포항자이 애서턴,84.9253,"51,620",경상북도 포항북구 학잠동
2022-02-04,포항자이 애서턴,101.9744,"65,000",경상북도 포항북구 학잠동
2022-02-04,포항자이 애서턴,101.8942,"64,070",경상북도 포항북구 학잠동
2022-02-04,한화 포레나 포항,84.8901,"35,600",경상북도 포항북구 흥해읍 이인리
2022-02-05,포항자이 애서턴,84.9253,"47,570",경상북도 포항북구 학잠동
2022-02-05,포항자이 애서턴,84.9146,"51,960",경상북도 포항북구 학잠동
2022-02-05,포항자이 애서턴,101.8942,"63,970",경상북도 포항북구 학잠동
2022-02-05,포항자이 애서턴,84.9253,"51,820",경상북도 포항북구 학잠동
2022-02-05,포항자이 애서턴,125.9389,"78,440",경상북도 포항북구 학잠동
2022-02-05,포항자이 애서턴,84.9253,"50,960",경상북도 포항북구 학잠동
2022-02-05,포항자이 애서턴,101.8942,"63,020",경상북도 포항북구 학잠동
2022-02-05,포항자이 애서턴,84.9409,"51,350",경상북도 포항북구 학잠동
2022-02-05,포항자이 애서턴,101.9526,"67,300",경상북도 포항북구 학잠동
2022-02-05,포항자이 애서턴,84.9253,"49,340",경상북도 포항북구 학잠동
2022-02-05,포항자이 애서턴,101.8942,"63,970",경상북도 포항북구 학잠동
2022-02-05,포항자이 애서턴,84.9253,"50,860",경상북도 포항북구 학잠동
2022-02-05,포항자이 애서턴,101.8942,"62,080",경상북도 포항북구 학잠동
2022-02-05,포항자이 애서턴,84.9253,"50,100",경상북도 포항북구 학잠동
2022-02-05,포항자이 애서턴,125.9389,"77,290",경상북도 포항북구 학잠동
2022-02-05,포항자이 애서턴,101.8942,"63,970",경상북도 포항북구 학잠동
2022-02-05,포항자이 애서턴,101.8942,"61,140",경상북도 포항북구 학잠동
2022-02-05,포항자이 애서턴,84.9146,"52,160",경상북도 포항북구 학잠동
2022-02-05,포항자이 애서턴,84.9253,"50,050",경상북도 포항북구 학잠동
2022-02-05,포항자이 애서턴,101.9361,"64,190",경상북도 포항북구 학잠동
2022-02-05,포항자이 애서턴,101.9361,"63,990",경상북도 포항북구 학잠동
2022-02-05,포항자이 애서턴,84.9253,"51,620",경상북도 포항북구 학잠동
2022-02-05,포항자이 애서턴,84.9146,"51,440",경상북도 포항북구 학잠동
2022-02-05,포항자이 애서턴,125.9389,"78,640",경상북도 포항북구 학잠동
2022-02-05,포항자이 애서턴,101.8942,"63,020",경상북도 포항북구 학잠동
2022-02-05,포항자이 애서턴,84.9146,"52,060",경상북도 포항북구 학잠동
2022-02-05,포항자이 애서턴,84.9253,"49,340",경상북도 포항북구 학잠동
2022-02-05,포항자이 애서턴,84.9146,"52,640",경상북도 포항북구 학잠동
2022-02-05,포항자이 애서턴,84.9146,"51,640",경상북도 포항북구 학잠동
2022-02-05,포항자이 애서턴,84.9409,"50,250",경상북도 포항북구 학잠동
2022-02-06,포항자이 애서턴,101.8942,"63,120",경상북도 포항북구 학잠동
2022-02-06,포항자이 애서턴,101.8942,"64,170",경상북도 포항북구 학잠동
2022-02-06,포항자이 애서턴,84.9146,"50,430",경상북도 포항북구 학잠동
2022-02-06,포항자이 애서턴,84.9253,"50,300",경상북도 포항북구 학잠동
2022-02-06,포항자이 애서턴,84.9253,"51,720",경상북도 포항북구 학잠동
2022-02-06,포항자이 애서턴,84.9253,"51,620",경상북도 포항북구 학잠동
2022-02-06,포항자이 애서턴,84.9253,"50,960",경상북도 포항북구 학잠동
2022-02-06,포항자이 애서턴,84.9253,"50,860",경상북도 포항북구 학잠동
2022-02-06,포항자이 애서턴,84.9409,"49,650",경상북도 포항북구 학잠동
2022-02-06,포항자이 애서턴,101.9361,"63,990",경상북도 포항북구 학잠동
2022-02-06,포항자이 애서턴,84.9146,"51,960",경상북도 포항북구 학잠동
2022-02-06,포항자이 애서턴,84.9253,"51,620",경상북도 포항북구 학잠동
2022-02-06,포항자이 애서턴,101.9744,"65,000",경상북도 포항북구 학잠동
2022-02-06,포항자이 애서턴,84.9409,"49,650",경상북도 포항북구 학잠동
2022-02-06,포항자이 애서턴,84.9253,"50,860",경상북도 포항북구 학잠동
2022-02-06,포항자이 애서턴,101.8942,"63,020",경상북도 포항북구 학잠동
2022-02-06,포항자이 애서턴,84.9146,"51,440",경상북도 포항북구 학잠동
2022-02-06,포항자이 애서턴,125.9389,"77,390",경상북도 포항북구 학잠동
2022-02-06,포항자이 애서턴,101.8942,"63,220",경상북도 포항북구 학잠동
2022-02-06,포항자이 애서턴,84.9253,"50,100",경상북도 포항북구 학잠동
2022-02-06,포항자이 애서턴,101.9744,"64,900",경상북도 포항북구 학잠동
2022-02-06,포항자이 애서턴,84.9146,"51,200",경상북도 포항북구 학잠동
2022-02-06,흥해 서희스타힐스 더 캐슬,59.9925,"20,240",경상북도 포항북구 흥해읍 옥성리
2022-02-07,포항 아이파크,84.5134,"35,700",경상북도 포항남구 오천읍 용산리
2022-02-07,포항 아이파크,84.5134,"35,470",경상북도 포항남구 오천읍 용산리
2022-02-07,포항자이 애서턴,84.9253,"51,820",경상북도 포항북구 학잠동
2022-02-07,포항자이 애서턴,84.9253,"51,620",경상북도 포항북구 학잠동
2022-02-07,포항자이 애서턴,84.9146,"50,430",경상북도 포항북구 학잠동
2022-02-07,포항자이 애서턴,84.9253,"51,820",경상북도 포항북구 학잠동
2022-02-07,포항자이 애서턴,101.8942,"64,370",경상북도 포항북구 학잠동
2022-02-07,포항자이 애서턴,84.9253,"51,620",경상북도 포항북구 학잠동
2022-02-07,포항자이 애서턴,125.9389,"78,440",경상북도 포항북구 학잠동
2022-02-07,포항자이 애서턴,84.9253,"52,020",경상북도 포항북구 학잠동
2022-02-07,포항자이 애서턴,84.9253,"50,100",경상북도 포항북구 학잠동
2022-02-07,포항자이 애서턴,125.9389,"78,440",경상북도 포항북구 학잠동
2022-02-07,포항자이 애서턴,101.9744,"64,300",경상북도 포항북구 학잠동
2022-02-07,포항자이 애서턴,84.9253,"48,580",경상북도 포항북구 학잠동
2022-02-07,포항자이 애서턴,84.9253,"50,860",경상북도 포항북구 학잠동
2022-02-07,포항자이 애서턴,84.9253,"50,860",경상북도 포항북구 학잠동
2022-02-07,포항자이 애서턴,101.8942,"62,080",경상북도 포항북구 학잠동
2022-02-07,포항자이 애서턴,84.9253,"51,060",경상북도 포항북구 학잠동
2022-02-07,포항자이 애서턴,84.9146,"52,060",경상북도 포항북구 학잠동
2022-02-07,포항자이 애서턴,84.9253,"48,580",경상북도 포항북구 학잠동
2022-02-07,포항자이 애서턴,101.9361,"63,990",경상북도 포항북구 학잠동
2022-02-07,포항자이 애서턴,84.9253,"50,860",경상북도 포항북구 학잠동
2022-02-07,흥해 서희스타힐스 더 캐슬,59.9558,"20,440",경상북도 포항북구 흥해읍 옥성리
2022-02-07,흥해 서희스타힐스 더 캐슬,59.9558,"21,000",경상북도 포항북구 흥해읍 옥성리
2022-02-07,KTX포항역 삼구 트리니엔,67.9916,"24,820",경상북도 포항북구 흥해읍 이인리
2022-02-07,한화 포레나 포항,109.4477,"50,490",경상북도 포항북구 흥해읍 이인리
2022-02-08,포항 아이파크,101.6515,"46,770",경상북도 포항남구 오천읍 용산리
2022-02-08,포항 아이파크,101.6515,"46,770",경상북도 포항남구 오천읍 용산리
2022-02-08,포항 아이파크,84.5134,"35,170",경상북도 포항남구 오천읍 용산리
2022-02-08,포항 양학 신원아침도시 퀘렌시아,53.71,"19,674",경상북도 포항북구 득량동
2022-02-08,포항자이 애서턴,101.8942,"63,970",경상북도 포항북구 학잠동
2022-02-08,포항자이 애서턴,84.9253,"48,530",경상북도 포항북구 학잠동
2022-02-08,포항자이 애서턴,84.9409,"50,400",경상북도 포항북구 학잠동
2022-02-08,포항자이 애서턴,84.9146,"51,960",경상북도 포항북구 학잠동
2022-02-08,포항자이 애서턴,84.9409,"51,150",경상북도 포항북구 학잠동
2022-02-08,포항자이 애서턴,101.8942,"62,030",경상북도 포항북구 학잠동
2022-02-08,포항자이 애서턴,84.9253,"49,340",경상북도 포항북구 학잠동
2022-02-08,포항자이 애서턴,84.9253,"50,860",경상북도 포항북구 학잠동
2022-02-08,포항자이 애서턴,84.9253,"48,530",경상북도 포항북구 학잠동
2022-02-08,포항자이 애서턴,101.8942,"63,020",경상북도 포항북구 학잠동
2022-02-08,포항자이 애서턴,101.9744,"65,000",경상북도 포항북구 학잠동
2022-02-08,포항자이 애서턴,84.9253,"50,860",경상북도 포항북구 학잠동
2022-02-08,포항자이 애서턴,84.9146,"51,440",경상북도 포항북구 학잠동
2022-02-08,포항자이 애서턴,84.9253,"50,100",경상북도 포항북구 학잠동
2022-02-08,포항자이 애서턴,84.9253,"51,620",경상북도 포항북구 학잠동
2022-02-08,포항자이 애서턴,101.9361,"61,170",경상북도 포항북구 학잠동
2022-02-08,포항자이 애서턴,84.9253,"51,600",경상북도 포항북구 학잠동
2022-02-08,포항자이 애서턴,84.9253,"51,720",경상북도 포항북구 학잠동
2022-02-08,포항자이 애서턴,84.9253,"50,100",경상북도 포항북구 학잠동
2022-02-08,포항자이 애서턴,101.9744,"64,950",경상북도 포항북구 학잠동
2022-02-08,포항자이 애서턴,84.9253,"50,100",경상북도 포항북구 학잠동
2022-02-08,포항자이 애서턴,84.9253,"47,770",경상북도 포항북구 학잠동
2022-02-08,포항자이 애서턴,84.9146,"51,200",경상북도 포항북구 학잠동
2022-02-08,포항자이 애서턴,84.9146,"51,960",경상북도 포항북구 학잠동
2022-02-08,포항자이 애서턴,84.9409,"51,150",경상북도 포항북구 학잠동
2022-02-08,포항자이 애서턴,84.9146,"51,440",경상북도 포항북구 학잠동
2022-02-08,포항자이 애서턴,84.9253,"50,050",경상북도 포항북구 학잠동
2022-02-08,포항자이 애서턴,101.8942,"63,020",경상북도 포항북구 학잠동
2022-02-08,포항자이 애서턴,101.8942,"63,920",경상북도 포항북구 학잠동
2022-02-08,포항자이 애서턴,84.9409,"50,400",경상북도 포항북구 학잠동
2022-02-08,포항자이 애서턴,101.8942,"63,120",경상북도 포항북구 학잠동
2022-02-08,포항자이 애서턴,84.9409,"49,650",경상북도 포항북구 학잠동
2022-02-08,한화 포레나 포항,109.4477,"51,060",경상북도 포항북구 흥해읍 이인리
2022-02-08,힐스테이트 초곡,74.835,"33,200",경상북도 포항북구 흥해읍 초곡리
2022-02-09,포항자이 애서턴,101.9744,"64,350",경상북도 포항북구 학잠동
2022-02-09,포항자이 애서턴,84.9253,"51,060",경상북도 포항북구 학잠동
2022-02-09,포항자이 애서턴,84.9146,"51,440",경상북도 포항북구 학잠동
2022-02-09,포항자이 애서턴,84.9253,"50,860",경상북도 포항북구 학잠동
2022-02-09,포항자이 애서턴,84.9253,"50,860",경상북도 포항북구 학잠동
2022-02-09,포항자이 애서턴,84.9253,"51,620",경상북도 포항북구 학잠동
2022-02-09,포항자이 애서턴,84.9253,"50,860",경상북도 포항북구 학잠동
2022-02-09,포항자이 애서턴,84.9146,"51,960",경상북도 포항북구 학잠동
2022-02-09,포항자이 애서턴,84.9253,"50,960",경상북도 포항북구 학잠동
2022-02-09,포항자이 애서턴,84.9253,"50,100",경상북도 포항북구 학잠동
2022-02-09,포항자이 애서턴,84.9253,"50,860",경상북도 포항북구 학잠동
2022-02-09,포항자이 애서턴,84.9409,"51,150",경상북도 포항북구 학잠동
2022-02-09,포항자이 애서턴,84.9684,"56,860",경상북도 포항북구 학잠동
2022-02-09,포항자이 애서턴,101.8942,"63,120",경상북도 포항북구 학잠동
2022-02-09,포항자이 애서턴,84.9146,"51,440",경상북도 포항북구 학잠동
2022-02-09,포항자이 애서턴,101.9744,"64,250",경상북도 포항북구 학잠동
2022-02-09,포항자이 애서턴,101.9361,"62,950",경상북도 포항북구 학잠동
2022-02-09,포항자이 애서턴,101.9744,"64,350",경상북도 포항북구 학잠동
2022-02-09,포항자이 애서턴,101.9526,"69,110",경상북도 포항북구 학잠동
2022-02-09,포항자이 애서턴,84.9146,"50,430",경상북도 포항북구 학잠동
2022-02-09,흥해 서희스타힐스 더 캐슬,84.9477,"28,330",경상북도 포항북구 흥해읍 옥성리
2022-02-09,KTX포항역 삼구 트리니엔,84.9947,"32,790",경상북도 포항북구 흥해읍 이인리
2022-02-09,힐스테이트 초곡,74.638,"32,290",경상북도 포항북구 흥해읍 초곡리
2022-02-10,포항자이 애서턴,101.9744,"64,400",경상북도 포항북구 학잠동
2022-02-10,포항자이 애서턴,84.9146,"50,540",경상북도 포항북구 학잠동
2022-02-10,포항자이 애서턴,101.8942,"63,020",경상북도 포항북구 학잠동
2022-02-10,포항자이 애서턴,84.9146,"52,110",경상북도 포항북구 학잠동
2022-02-10,포항자이 애서턴,84.9253,"50,860",경상북도 포항북구 학잠동
2022-02-10,포항자이 애서턴,84.9253,"51,620",경상북도 포항북구 학잠동
2022-02-10,포항자이 애서턴,84.9409,"51,150",경상북도 포항북구 학잠동
2022-02-10,포항자이 애서턴,84.9146,"51,200",경상북도 포항북구 학잠동
2022-02-10,포항자이 애서턴,101.8942,"63,240",경상북도 포항북구 학잠동
2022-02-10,포항자이 애서턴,101.9361,"63,990",경상북도 포항북구 학잠동
2022-02-10,포항자이 애서턴,84.9146,"51,305",경상북도 포항북구 학잠동
2022-02-10,포항자이 애서턴,101.8942,"64,270",경상북도 포항북구 학잠동
2022-02-10,포항자이 애서턴,101.9361,"63,990",경상북도 포항북구 학잠동
2022-02-10,포항자이 애서턴,84.9146,"51,440",경상북도 포항북구 학잠동
2022-02-10,포항자이 애서턴,84.9253,"50,100",경상북도 포항북구 학잠동
2022-02-10,포항자이 애서턴,84.9253,"51,620",경상북도 포항북구 학잠동
2022-02-10,포항자이 애서턴,101.9744,"64,750",경상북도 포항북구 학잠동
2022-02-10,포항자이 애서턴,84.9409,"51,150",경상북도 포항북구 학잠동
2022-02-10,포항자이 애서턴,101.9744,"64,400",경상북도 포항북구 학잠동
2022-02-10,한화 포레나 포항,84.8901,"35,200",경상북도 포항북구 흥해읍 이인리
2022-02-10,한화 포레나 포항,84.8901,"36,480",경상북도 포항북구 흥해읍 이인리
2022-02-11,포항자이 애서턴,101.9526,"66,630",경상북도 포항북구 학잠동
2022-02-11,포항자이 애서턴,84.9409,"48,850",경상북도 포항북구 학잠동
2022-02-11,한화 포레나 포항,84.8901,"37,080",경상북도 포항북구 흥해읍 이인리
2022-02-11,한화 포레나 포항,84.8901,"35,580",경상북도 포항북구 흥해읍 이인리
2022-02-11,한화 포레나 포항,84.5162,"35,100",경상북도 포항북구 흥해읍 이인리
2022-02-12,포항 아이파크,84.5134,"35,300",경상북도 포항남구 오천읍 용산리
2022-02-12,포항자이 애서턴,84.9409,"47,150",경상북도 포항북구 학잠동
2022-02-12,포항자이 애서턴,101.9744,"61,460",경상북도 포항북구 학잠동
2022-02-12,힐스테이트 초곡,84.839,"36,500",경상북도 포항북구 흥해읍 초곡리
2022-02-13,포항자이 애서턴,84.9146,"51,910",경상북도 포항북구 학잠동
2022-02-13,포항자이 애서턴,84.9253,"51,720",경상북도 포항북구 학잠동
2022-02-13,포항자이 애서턴,84.9253,"51,620",경상북도 포항북구 학잠동
2022-02-13,포항자이 애서턴,84.9253,"50,960",경상북도 포항북구 학잠동
2022-02-13,한화 포레나 포항,84.8901,"36,580",경상북도 포항북구 흥해읍 이인리
2022-02-14,포항자이 애서턴,84.9253,"51,720",경상북도 포항북구 학잠동
2022-02-14,포항자이 애서턴,101.8942,"63,970",경상북도 포항북구 학잠동
2022-02-14,KTX포항역 삼구 트리니엔,84.9947,"33,465",경상북도 포항북구 흥해읍 이인리
2022-02-15,포항자이 애서턴,84.9253,"50,100",경상북도 포항북구 학잠동
2022-02-15,포항자이 애서턴,84.9409,"51,250",경상북도 포항북구 학잠동
2022-02-15,포항자이 애서턴,84.9409,"51,250",경상북도 포항북구 학잠동
2022-02-15,포항자이 애서턴,101.9361,"63,990",경상북도 포항북구 학잠동
2022-02-15,포항자이 애서턴,84.9253,"51,470",경상북도 포항북구 학잠동
2022-02-15,흥해 서희스타힐스 더 캐슬,59.9558,"20,740",경상북도 포항북구 흥해읍 옥성리
2022-02-16,포항자이 애서턴,84.9253,"50,080",경상북도 포항북구 학잠동
2022-02-16,흥해 서희스타힐스 더 캐슬,84.9477,"25,985",경상북도 포항북구 흥해읍 옥성리
2022-02-17,힐스테이트포항,59.9785,"21,725",경상북도 포항남구 오천읍 원리
2022-02-17,포항자이 애서턴,84.9253,"50,860",경상북도 포항북구 학잠동
2022-02-17,포항자이 애서턴,84.9253,"51,620",경상북도 포항북구 학잠동
2022-02-17,포항자이 애서턴,84.9253,"51,720",경상북도 포항북구 학잠동
2022-02-17,KTX포항역 삼구 트리니엔,84.9727,"32,990",경상북도 포항북구 흥해읍 이인리
2022-02-18,포항 아이파크,84.5134,"35,600",경상북도 포항남구 오천읍 용산리
2022-02-18,포항 아이파크,84.5134,"35,600",경상북도 포항남구 오천읍 용산리
2022-02-18,포항 아이파크,84.5134,"35,300",경상북도 포항남구 오천읍 용산리
2022-02-18,힐스테이트포항,59.9785,"21,725",경상북도 포항남구 오천읍 원리
2022-02-18,포항자이 애서턴,101.8942,"64,170",경상북도 포항북구 학잠동
2022-02-18,포항자이 애서턴,101.9526,"68,810",경상북도 포항북구 학잠동
2022-02-18,포항자이 애서턴,101.9744,"65,000",경상북도 포항북구 학잠동
2022-02-18,포항자이 애서턴,84.9253,"50,860",경상북도 포항북구 학잠동
2022-02-18,포항자이 애서턴,84.9146,"51,180",경상북도 포항북구 학잠동
2022-02-18,포항자이 애서턴,101.8942,"63,920",경상북도 포항북구 학잠동
2022-02-18,흥해 서희스타힐스 더 캐슬,59.9874,"18,766",경상북도 포항북구 흥해읍 옥성리
2022-02-18,KTX포항역 삼구 트리니엔,59.9951,"24,190",경상북도 포항북구 흥해읍 이인리
2022-02-19,포항 아이파크,101.6515,"45,920",경상북도 포항남구 오천읍 용산리
2022-02-19,포항 양학 신원아침도시 퀘렌시아,84.3218,"29,743",경상북도 포항북구 득량동
2022-02-19,포항자이 애서턴,84.9253,"51,620",경상북도 포항북구 학잠동
2022-02-19,포항자이 애서턴,84.9253,"50,810",경상북도 포항북구 학잠동
2022-02-19,포항자이 애서턴,84.9146,"51,960",경상북도 포항북구 학잠동
2022-02-19,포항자이 애서턴,101.8942,"63,020",경상북도 포항북구 학잠동
2022-02-19,포항자이 애서턴,101.8942,"63,020",경상북도 포항북구 학잠동
2022-02-20,포항자이 애서턴,84.9409,"51,150",경상북도 포항북구 학잠동
2022-02-20,포항자이 애서턴,84.9253,"51,570",경상북도 포항북구 학잠동
2022-02-20,포항자이 애서턴,84.9409,"51,150",경상북도 포항북구 학잠동
2022-02-21,포항 아이파크,101.6515,"46,770",경상북도 포항남구 오천읍 용산리
2022-02-21,포항 아이파크,101.6515,"46,870",경상북도 포항남구 오천읍 용산리
2022-02-21,포항 아이파크,84.5134,"35,700",경상북도 포항남구 오천읍 용산리
2022-02-21,포항 아이파크,101.6515,"46,920",경상북도 포항남구 오천읍 용산리
2022-02-21,포항 아이파크,84.5134,"35,600",경상북도 포항남구 오천읍 용산리
2022-02-21,힐스테이트포항,84.8786,"30,833",경상북도 포항남구 오천읍 원리
2022-02-21,힐스테이트포항,74.9627,"28,024",경상북도 포항남구 오천읍 원리
2022-02-21,포항자이 애서턴,101.9744,"64,015",경상북도 포항북구 학잠동
2022-02-22,포항 아이파크,101.6515,"46,970",경상북도 포항남구 오천읍 용산리
2022-02-22,포항 아이파크,84.5134,"35,650",경상북도 포항남구 오천읍 용산리
2022-02-22,포항 아이파크,101.6515,"46,820",경상북도 포항남구 오천읍 용산리
2022-02-22,포항 아이파크,84.5134,"35,470",경상북도 포항남구 오천읍 용산리
2022-02-22,포항 아이파크,84.5134,"35,600",경상북도 포항남구 오천읍 용산리
2022-02-22,힐스테이트포항,84.8786,"30,833",경상북도 포항남구 오천읍 원리
2022-02-22,포항자이 애서턴,84.9253,"51,820",경상북도 포항북구 학잠동
2022-02-22,포항자이 애서턴,84.9146,"51,440",경상북도 포항북구 학잠동
2022-02-22,포항자이 애서턴,101.9744,"64,050",경상북도 포항북구 학잠동
2022-02-22,포항자이 애서턴,101.8942,"63,020",경상북도 포항북구 학잠동
2022-02-22,포항자이 애서턴,84.9253,"51,620",경상북도 포항북구 학잠동
2022-02-22,흥해 서희스타힐스 더 캐슬,74.9751,"25,786",경상북도 포항북구 흥해읍 옥성리
2022-02-22,한화 포레나 포항,59.953,"26,000",경상북도 포항북구 흥해읍 이인리
2022-02-22,한화 포레나 포항,84.5162,"35,690",경상북도 포항북구 흥해읍 이인리
2022-02-23,포항 아이파크,101.6515,"46,870",경상북도 포항남구 오천읍 용산리
2022-02-23,포항 아이파크,101.6515,"46,970",경상북도 포항남구 오천읍 용산리
2022-02-23,포항자이 애서턴,84.9146,"51,340",경상북도 포항북구 학잠동
2022-02-23,포항자이 애서턴,84.9253,"50,100",경상북도 포항북구 학잠동
2022-02-23,포항자이 애서턴,84.9253,"51,620",경상북도 포항북구 학잠동
2022-02-23,KTX포항역 삼구 트리니엔,84.9947,"34,865",경상북도 포항북구 흥해읍 이인리
2022-02-24,포항 양학 신원아침도시 퀘렌시아,84.77,"35,478",경상북도 포항북구 득량동
2022-02-24,포항자이 애서턴,101.8942,"60,200",경상북도 포항북구 학잠동
2022-02-24,포항자이 애서턴,101.8942,"64,170",경상북도 포항북구 학잠동
2022-02-24,포항자이 애서턴,84.9253,"51,620",경상북도 포항북구 학잠동
2022-02-24,포항자이 애서턴,84.9253,"51,920",경상북도 포항북구 학잠동
2022-02-24,포항자이 애서턴,101.8942,"60,200",경상북도 포항북구 학잠동
2022-02-24,KTX포항역 삼구 트리니엔,84.9947,"32,990",경상북도 포항북구 흥해읍 이인리
2022-02-24,KTX포항역 삼구 트리니엔,84.9947,"32,590",경상북도 포항북구 흥해읍 이인리
2022-02-24,KTX포항역 삼구 트리니엔,84.9947,"32,990",경상북도 포항북구 흥해읍 이인리
2022-02-24,한화 포레나 포항,59.953,"25,490",경상북도 포항북구 흥해읍 이인리
2022-02-25,포항자이 애서턴,84.9253,"50,000",경상북도 포항북구 학잠동
2022-02-25,포항자이 애서턴,84.9146,"51,140",경상북도 포항북구 학잠동
2022-02-25,포항자이 애서턴,84.9409,"49,650",경상북도 포항북구 학잠동
2022-02-25,포항자이 애서턴,84.9253,"51,620",경상북도 포항북구 학잠동
2022-02-25,포항자이 애서턴,84.9253,"51,600",경상북도 포항북구 학잠동
2022-02-25,포항자이 애서턴,84.9253,"51,620",경상북도 포항북구 학잠동
2022-02-25,한화 포레나 포항,84.5162,"35,500",경상북도 포항북구 흥해읍 이인리
2022-02-25,한화 포레나 포항,84.8901,"35,800",경상북도 포항북구 흥해읍 이인리
2022-02-25,한화 포레나 포항,84.8901,"36,280",경상북도 포항북구 흥해읍 이인리
2022-02-26,힐스테이트포항,74.8151,"26,621",경상북도 포항남구 오천읍 원리
2022-02-26,포항자이 애서턴,84.9146,"51,440",경상북도 포항북구 학잠동
2022-02-26,포항자이 애서턴,84.9253,"51,620",경상북도 포항북구 학잠동
2022-02-26,포항자이 애서턴,84.9253,"50,100",경상북도 포항북구 학잠동
2022-02-26,포항자이 애서턴,125.9389,"78,340",경상북도 포항북구 학잠동
2022-02-26,포항자이 애서턴,84.9146,"49,670",경상북도 포항북구 학잠동
2022-02-26,포항자이 애서턴,84.9253,"51,620",경상북도 포항북구 학잠동
2022-02-26,포항자이 애서턴,84.9146,"51,140",경상북도 포항북구 학잠동
2022-02-26,포항자이 애서턴,84.9253,"49,240",경상북도 포항북구 학잠동
2022-02-26,포항자이 애서턴,84.9253,"49,240",경상북도 포항북구 학잠동
2022-02-26,포항자이 애서턴,84.9146,"51,440",경상북도 포항북구 학잠동
2022-02-26,흥해 서희스타힐스 더 캐슬,59.9925,"20,290",경상북도 포항북구 흥해읍 옥성리
2022-02-27,포항자이 애서턴,84.9253,"50,860",경상북도 포항북구 학잠동
2022-02-27,포항자이 애서턴,101.8942,"61,780",경상북도 포항북구 학잠동
2022-02-27,한화 포레나 포항,109.4477,"49,660",경상북도 포항북구 흥해읍 이인리
2022-02-28,힐스테이트포항,84.9562,"29,239",경상북도 포항남구 오천읍 원리
2022-02-28,포항자이 애서턴,84.9253,"49,310",경상북도 포항북구 학잠동
2022-02-28,포항자이 애서턴,125.9389,"78,540",경상북도 포항북구 학잠동
2022-02-28,포항자이 애서턴,84.9253,"49,290",경상북도 포항북구 학잠동
2022-02-28,포항자이 애서턴,84.9253,"51,670",경상북도 포항북구 학잠동
2022-02-28,포항자이 애서턴,101.8942,"62,030",경상북도 포항북구 학잠동
2022-02-28,포항자이 애서턴,84.9253,"50,050",경상북도 포항북구 학잠동
2022-02-28,포항자이 애서턴,84.9146,"51,094",경상북도 포항북구 학잠동
2022-02-28,포항자이 애서턴,84.9253,"51,264",경상북도 포항북구 학잠동
2022-02-28,포항자이 애서턴,101.8942,"64,170",경상북도 포항북구 학잠동
2022-02-28,포항자이 애서턴,84.9146,"51,960",경상북도 포항북구 학잠동
2022-02-28,흥해 서희스타힐스 더 캐슬,74.9751,"22,945",경상북도 포항북구 흥해읍 옥성리
2022-02-28,흥해 서희스타힐스 더 캐슬,74.9751,"22,695",경상북도 포항북구 흥해읍 옥성리
2022-02-28,흥해 서희스타힐스 더 캐슬,84.9477,"29,630",경상북도 포항북구 흥해읍 옥성리
2022-02-28,흥해 서희스타힐스 더 캐슬,84.9477,"28,530",경상북도 포항북구 흥해읍 옥성리
2022-02-28,한화 포레나 포항,207.7753,"50,890",경상북도 포항북구 흥해읍 이인리
2022-02-28,한화 포레나 포항,109.4477,"50,860",경상북도 포항북구 흥해읍 이인리
2022-03-01,포항자이 애서턴,84.9253,"50,080",경상북도 포항북구 학잠동
2022-03-01,포항자이 애서턴,84.9253,"51,620",경상북도 포항북구 학잠동
2022-03-01,포항자이 애서턴,125.9389,"78,640",경상북도 포항북구 학잠동
2022-03-01,포항자이 애서턴,84.9146,"51,960",경상북도 포항북구 학잠동
2022-03-01,포항자이 애서턴,101.8942,"63,020",경상북도 포항북구 학잠동
2022-03-01,포항자이 애서턴,84.9253,"51,620",경상북도 포항북구 학잠동
2022-03-01,포항자이 애서턴,84.9253,"50,000",경상북도 포항북구 학잠동
2022-03-01,포항자이 애서턴,84.9253,"51,620",경상북도 포항북구 학잠동
2022-03-01,포항자이 애서턴,84.9253,"51,820",경상북도 포항북구 학잠동
2022-03-02,포항 양학 신원아침도시 퀘렌시아,60.64,"26,231",경상북도 포항북구 득량동
2022-03-02,포항자이 애서턴,84.9253,"51,620",경상북도 포항북구 학잠동
2022-03-02,포항자이 애서턴,84.9146,"51,910",경상북도 포항북구 학잠동
2022-03-02,포항자이 애서턴,84.9253,"49,900",경상북도 포항북구 학잠동
2022-03-02,포항자이 디오션,84.85,"62,320",경상북도 포항북구 항구동
2022-03-02,한화 포레나 포항,84.8901,"38,780",경상북도 포항북구 흥해읍 이인리
2022-03-03,포항자이 애서턴,84.9253,"51,320",경상북도 포항북구 학잠동
2022-03-03,포항자이 애서턴,84.9253,"51,670",경상북도 포항북구 학잠동
2022-03-03,포항자이 애서턴,101.8942,"63,120",경상북도 포항북구 학잠동
2022-03-03,포항자이 애서턴,101.8942,"60,150",경상북도 포항북구 학잠동
2022-03-03,포항자이 애서턴,84.9253,"51,620",경상북도 포항북구 학잠동
2022-03-03,포항자이 애서턴,101.9744,"64,950",경상북도 포항북구 학잠동
2022-03-03,포항자이 애서턴,84.9253,"51,720",경상북도 포항북구 학잠동
2022-03-03,포항자이 애서턴,84.9253,"50,200",경상북도 포항북구 학잠동
2022-03-03,포항자이 애서턴,125.9389,"77,240",경상북도 포항북구 학잠동
2022-03-03,포항자이 애서턴,101.9744,"64,350",경상북도 포항북구 학잠동
2022-03-03,포항자이 애서턴,125.9389,"78,540",경상북도 포항북구 학잠동
2022-03-03,포항자이 애서턴,84.9146,"51,960",경상북도 포항북구 학잠동
2022-03-03,포항자이 애서턴,101.8942,"62,720",경상북도 포항북구 학잠동
2022-03-03,포항자이 애서턴,84.9253,"51,520",경상북도 포항북구 학잠동
2022-03-03,포항자이 디오션,84.97,"65,500",경상북도 포항북구 항구동
2022-03-03,포항자이 디오션,84.92,"62,570",경상북도 포항북구 항구동
2022-03-03,포항자이 디오션,84.92,"62,370",경상북도 포항북구 항구동
2022-03-03,포항자이 디오션,84.97,"61,890",경상북도 포항북구 항구동
2022-03-03,포항자이 디오션,84.97,"63,750",경상북도 포항북구 항구동
2022-03-03,포항자이 디오션,84.97,"61,890",경상북도 포항북구 항구동
2022-03-03,포항자이 디오션,84.92,"62,470",경상북도 포항북구 항구동
2022-03-03,흥해 서희스타힐스 더 캐슬,84.9477,"25,485",경상북도 포항북구 흥해읍 옥성리
2022-03-03,힐스테이트 초곡,84.839,"37,775",경상북도 포항북구 흥해읍 초곡리
2022-03-04,포항자이 애서턴,84.9253,"50,080",경상북도 포항북구 학잠동
2022-03-04,포항자이 애서턴,125.9389,"77,290",경상북도 포항북구 학잠동
2022-03-04,포항자이 애서턴,84.9253,"50,860",경상북도 포항북구 학잠동
2022-03-04,포항자이 애서턴,101.9744,"65,000",경상북도 포항북구 학잠동
2022-03-04,포항자이 애서턴,84.9253,"50,840",경상북도 포항북구 학잠동
2022-03-04,포항자이 디오션,84.97,"59,520",경상북도 포항북구 항구동
2022-03-04,포항자이 디오션,84.97,"62,720",경상북도 포항북구 항구동
2022-03-04,한화 포레나 포항,84.5162,"34,800",경상북도 포항북구 흥해읍 이인리
2022-03-05,포항 양학 신원아침도시 퀘렌시아,62.2954,"24,535",경상북도 포항북구 득량동
2022-03-05,포항자이 애서턴,84.9253,"51,720",경상북도 포항북구 학잠동
2022-03-05,포항자이 디오션,84.92,"63,200",경상북도 포항북구 항구동
2022-03-05,포항자이 디오션,84.85,"63,550",경상북도 포항북구 항구동
2022-03-06,포항 양학 신원아침도시 퀘렌시아,62.3,"24,935",경상북도 포항북구 득량동
2022-03-06,포항자이 애서턴,101.9526,"70,300",경상북도 포항북구 학잠동
2022-03-06,포항자이 애서턴,84.9253,"50,000",경상북도 포항북구 학잠동
2022-03-06,포항자이 애서턴,84.9253,"49,800",경상북도 포항북구 학잠동
2022-03-07,포항 아이파크,84.5134,"35,600",경상북도 포항남구 오천읍 용산리
2022-03-07,포항자이 애서턴,101.8942,"64,070",경상북도 포항북구 학잠동
2022-03-07,포항자이 디오션,84.97,"61,070",경상북도 포항북구 항구동
2022-03-07,포항자이 디오션,84.97,"61,270",경상북도 포항북구 항구동
2022-03-08,포항자이 애서턴,125.9389,"77,390",경상북도 포항북구 학잠동
2022-03-08,포항자이 애서턴,84.9146,"50,640",경상북도 포항북구 학잠동
2022-03-08,포항자이 디오션,84.92,"62,370",경상북도 포항북구 항구동
2022-03-08,한화 포레나 포항,109.4477,"51,790",경상북도 포항북구 흥해읍 이인리
2022-03-09,포항 아이파크,101.6515,"46,290",경상북도 포항남구 오천읍 용산리
2022-03-09,포항 아이파크,84.5134,"35,300",경상북도 포항남구 오천읍 용산리
2022-03-09,포항 양학 신원아침도시 퀘렌시아,109.2668,"44,980",경상북도 포항북구 득량동
2022-03-09,포항자이 애서턴,84.9253,"50,810",경상북도 포항북구 학잠동
2022-03-09,포항자이 애서턴,84.9146,"51,140",경상북도 포항북구 학잠동
2022-03-09,포항자이 애서턴,84.9146,"52,060",경상북도 포항북구 학잠동
2022-03-10,포항 아이파크,84.5134,"35,700",경상북도 포항남구 오천읍 용산리
2022-03-10,포항 아이파크,84.5134,"35,470",경상북도 포항남구 오천읍 용산리
2022-03-10,포항자이 애서턴,101.9744,"64,150",경상북도 포항북구 학잠동
2022-03-10,포항자이 애서턴,84.9146,"50,590",경상북도 포항북구 학잠동
2022-03-10,포항자이 애서턴,84.9253,"47,470",경상북도 포항북구 학잠동
2022-03-10,포항자이 애서턴,84.9146,"51,420",경상북도 포항북구 학잠동
2022-03-10,포항자이 애서턴,84.9253,"52,020",경상북도 포항북구 학잠동
2022-03-10,포항자이 디오션,84.92,"65,050",경상북도 포항북구 항구동
2022-03-10,포항자이 디오션,84.92,"62,370",경상북도 포항북구 항구동
2022-03-10,KTX포항역 삼구 트리니엔,84.9947,"33,868",경상북도 포항북구 흥해읍 이인리
2022-03-10,KTX포항역 삼구 트리니엔,84.9947,"33,690",경상북도 포항북구 흥해읍 이인리
2022-03-10,한화 포레나 포항,84.8901,"35,200",경상북도 포항북구 흥해읍 이인리
2022-03-10,힐스테이트 초곡,59.941,"25,500",경상북도 포항북구 흥해읍 초곡리
2022-03-11,포항 아이파크,84.5134,"35,850",경상북도 포항남구 오천읍 용산리
2022-03-11,포항자이 애서턴,84.9146,"51,200",경상북도 포항북구 학잠동
2022-03-11,포항자이 디오션,84.92,"64,950",경상북도 포항북구 항구동
2022-03-11,포항자이 디오션,84.92,"61,440",경상북도 포항북구 항구동
2022-03-11,흥해 서희스타힐스 더 캐슬,59.9925,"20,090",경상북도 포항북구 흥해읍 옥성리
2022-03-11,KTX포항역 삼구 트리니엔,67.9916,"25,420",경상북도 포항북구 흥해읍 이인리
2022-03-12,힐스테이트포항,84.8786,"30,477",경상북도 포항남구 오천읍 원리
2022-03-12,포항자이 애서턴,101.8942,"62,080",경상북도 포항북구 학잠동
2022-03-12,포항자이 애서턴,84.9146,"47,690",경상북도 포항북구 학잠동
2022-03-12,포항자이 디오션,84.97,"61,790",경상북도 포항북구 항구동
2022-03-12,한화 포레나 포항,75.999,"33,530",경상북도 포항북구 흥해읍 이인리
2022-03-13,포항자이 애서턴,84.9253,"51,720",경상북도 포항북구 학잠동
2022-03-13,포항자이 디오션,84.97,"63,750",경상북도 포항북구 항구동
2022-03-13,포항자이 디오션,84.85,"64,280",경상북도 포항북구 항구동
2022-03-13,포항자이 디오션,84.92,"64,950",경상북도 포항북구 항구동
2022-03-14,포항 아이파크,84.5134,"35,370",경상북도 포항남구 오천읍 용산리
2022-03-14,힐스테이트포항,84.8786,"29,499",경상북도 포항남구 오천읍 원리
2022-03-14,포항자이 애서턴,84.9146,"51,170",경상북도 포항북구 학잠동
2022-03-14,포항자이 애서턴,84.9253,"51,620",경상북도 포항북구 학잠동
2022-03-14,포항자이 애서턴,101.9744,"62,160",경상북도 포항북구 학잠동
2022-03-14,포항자이 애서턴,84.9146,"50,900",경상북도 포항북구 학잠동
2022-03-14,포항자이 디오션,84.92,"63,400",경상북도 포항북구 항구동
2022-03-14,포항자이 디오션,84.92,"63,400",경상북도 포항북구 항구동
2022-03-14,포항자이 디오션,84.97,"57,650",경상북도 포항북구 항구동
2022-03-14,포항자이 디오션,84.97,"62,720",경상북도 포항북구 항구동
2022-03-14,포항자이 디오션,84.97,"59,520",경상북도 포항북구 항구동
2022-03-14,포항자이 디오션,84.97,"61,270",경상북도 포항북구 항구동
2022-03-14,포항자이 디오션,84.92,"61,340",경상북도 포항북구 항구동
2022-03-14,포항자이 디오션,84.92,"62,420",경상북도 포항북구 항구동
2022-03-14,포항자이 디오션,84.97,"61,270",경상북도 포항북구 항구동
2022-03-14,포항자이 디오션,84.92,"62,270",경상북도 포항북구 항구동
2022-03-14,포항자이 디오션,84.97,"59,620",경상북도 포항북구 항구동
2022-03-14,포항자이 디오션,84.92,"62,370",경상북도 포항북구 항구동
2022-03-14,포항자이 디오션,84.85,"62,320",경상북도 포항북구 항구동
2022-03-14,포항자이 디오션,84.85,"63,350",경상북도 포항북구 항구동
2022-03-14,포항자이 디오션,84.92,"62,370",경상북도 포항북구 항구동
2022-03-14,포항자이 디오션,84.92,"63,400",경상북도 포항북구 항구동
2022-03-14,포항자이 디오션,84.97,"59,520",경상북도 포항북구 항구동
2022-03-14,포항자이 디오션,84.92,"60,510",경상북도 포항북구 항구동
2022-03-14,포항자이 디오션,84.92,"65,150",경상북도 포항북구 항구동
2022-03-14,포항자이 디오션,84.97,"60,760",경상북도 포항북구 항구동
2022-03-14,포항자이 디오션,84.92,"61,340",경상북도 포항북구 항구동
2022-03-14,KTX포항역 삼구 트리니엔,84.9947,"33,395",경상북도 포항북구 흥해읍 이인리
2022-03-15,포항 아이파크,84.5134,"35,600",경상북도 포항남구 오천읍 용산리
2022-03-15,포항 아이파크,84.5134,"34,700",경상북도 포항남구 오천읍 용산리
2022-03-15,포항자이 애서턴,84.9253,"47,270",경상북도 포항북구 학잠동
2022-03-15,포항자이 디오션,84.97,"62,820",경상북도 포항북구 항구동
2022-03-15,포항자이 디오션,84.92,"62,370",경상북도 포항북구 항구동
2022-03-15,포항자이 디오션,84.97,"59,620",경상북도 포항북구 항구동
2022-03-15,포항자이 디오션,84.97,"61,890",경상북도 포항북구 항구동
2022-03-15,포항자이 디오션,84.97,"58,680",경상북도 포항북구 항구동
2022-03-15,포항자이 디오션,84.92,"62,370",경상북도 포항북구 항구동
2022-03-15,포항자이 디오션,84.97,"59,720",경상북도 포항북구 항구동
2022-03-15,포항자이 디오션,84.97,"59,830",경상북도 포항북구 항구동
2022-03-15,포항자이 디오션,84.97,"60,860",경상북도 포항북구 항구동
2022-03-15,포항자이 디오션,84.92,"63,400",경상북도 포항북구 항구동
2022-03-15,KTX포항역 삼구 트리니엔,84.9947,"32,890",경상북도 포항북구 흥해읍 이인리
2022-03-15,KTX포항역 삼구 트리니엔,67.9916,"25,640",경상북도 포항북구 흥해읍 이인리
2022-03-15,KTX포항역 삼구 트리니엔,67.9916,"25,420",경상북도 포항북구 흥해읍 이인리
2022-03-15,한화 포레나 포항,84.8901,"36,580",경상북도 포항북구 흥해읍 이인리
2022-03-16,힐스테이트포항,74.8151,"27,391",경상북도 포항남구 오천읍 원리
2022-03-16,포항자이 애서턴,101.9361,"63,690",경상북도 포항북구 학잠동
2022-03-16,포항자이 디오션,84.85,"63,350",경상북도 포항북구 항구동
2022-03-16,포항자이 디오션,84.92,"63,400",경상북도 포항북구 항구동
2022-03-16,포항자이 디오션,84.92,"63,400",경상북도 포항북구 항구동
2022-03-16,포항자이 디오션,84.92,"63,500",경상북도 포항북구 항구동
2022-03-16,포항자이 디오션,84.92,"61,440",경상북도 포항북구 항구동
2022-03-16,포항자이 디오션,84.97,"58,680",경상북도 포항북구 항구동
2022-03-16,KTX포항역 삼구 트리니엔,84.9947,"32,390",경상북도 포항북구 흥해읍 이인리
2022-03-17,힐스테이트포항,59.9785,"22,919",경상북도 포항남구 오천읍 원리
2022-03-17,힐스테이트포항,74.8151,"27,553",경상북도 포항남구 오천읍 원리
2022-03-17,포항자이 애서턴,84.9409,"50,850",경상북도 포항북구 학잠동
2022-03-17,포항자이 애서턴,101.8942,"64,070",경상북도 포항북구 학잠동
2022-03-17,포항자이 애서턴,84.9409,"50,230",경상북도 포항북구 학잠동
2022-03-17,포항자이 애서턴,84.9409,"50,850",경상북도 포항북구 학잠동
2022-03-17,포항자이 애서턴,84.9409,"50,850",경상북도 포항북구 학잠동
2022-03-18,힐스테이트포항,84.8786,"30,430",경상북도 포항남구 오천읍 원리
2022-03-18,힐스테이트포항,59.9785,"21,725",경상북도 포항남구 오천읍 원리
2022-03-18,포항자이 디오션,84.97,"56,720",경상북도 포항북구 항구동
2022-03-18,포항자이 디오션,84.97,"63,320",경상북도 포항북구 항구동
2022-03-19,포항 아이파크,101.6515,"46,770",경상북도 포항남구 오천읍 용산리
2022-03-19,포항 아이파크,84.9913,"34,990",경상북도 포항남구 오천읍 용산리
2022-03-19,포항자이 애서턴,84.9253,"51,720",경상북도 포항북구 학잠동
2022-03-19,포항자이 디오션,84.92,"63,400",경상북도 포항북구 항구동
2022-03-19,한화 포레나 포항,84.5162,"35,300",경상북도 포항북구 흥해읍 이인리
2022-03-20,힐스테이트포항,74.8151,"27,341",경상북도 포항남구 오천읍 원리
2022-03-20,힐스테이트포항,59.9785,"22,749",경상북도 포항남구 오천읍 원리
2022-03-20,포항자이 애서턴,84.9146,"51,200",경상북도 포항북구 학잠동
2022-03-20,포항자이 애서턴,101.9744,"64,300",경상북도 포항북구 학잠동
2022-03-20,포항자이 디오션,84.97,"57,650",경상북도 포항북구 항구동
2022-03-20,포항자이 디오션,84.92,"65,050",경상북도 포항북구 항구동
2022-03-21,포항 아이파크,101.6515,"46,770",경상북도 포항남구 오천읍 용산리
2022-03-21,포항 아이파크,84.5134,"35,500",경상북도 포항남구 오천읍 용산리
2022-03-21,포항 양학 신원아침도시 퀘렌시아,84.9752,"34,318",경상북도 포항북구 득량동
2022-03-21,포항자이 애서턴,84.9146,"51,760",경상북도 포항북구 학잠동
2022-03-21,포항자이 애서턴,84.9146,"48,860",경상북도 포항북구 학잠동
2022-03-21,포항자이 애서턴,84.9146,"50,130",경상북도 포항북구 학잠동
2022-03-21,포항자이 애서턴,84.9146,"50,900",경상북도 포항북구 학잠동
2022-03-21,포항자이 디오션,84.97,"57,650",경상북도 포항북구 항구동
2022-03-21,포항자이 디오션,84.97,"58,680",경상북도 포항북구 항구동
2022-03-21,포항자이 디오션,84.92,"61,440",경상북도 포항북구 항구동
2022-03-21,포항자이 디오션,84.85,"63,780",경상북도 포항북구 항구동
2022-03-21,한화 포레나 포항,75.999,"31,400",경상북도 포항북구 흥해읍 이인리
2022-03-21,힐스테이트 초곡,76.843,"33,934",경상북도 포항북구 흥해읍 초곡리
2022-03-22,포항 아이파크,84.5134,"35,600",경상북도 포항남구 오천읍 용산리
2022-03-22,힐스테이트포항,74.8151,"26,257",경상북도 포항남구 오천읍 원리
2022-03-22,힐스테이트포항,59.9785,"21,234",경상북도 포항남구 오천읍 원리
2022-03-22,힐스테이트포항,59.9785,"21,234",경상북도 포항남구 오천읍 원리
2022-03-22,포항자이 애서턴,84.9253,"50,810",경상북도 포항북구 학잠동
2022-03-22,포항자이 디오션,84.92,"63,300",경상북도 포항북구 항구동
2022-03-22,한화 포레나 포항,84.8901,"34,800",경상북도 포항북구 흥해읍 이인리
2022-03-23,포항 아이파크,84.5134,"35,300",경상북도 포항남구 오천읍 용산리
2022-03-23,힐스테이트포항,84.8786,"28,619",경상북도 포항남구 오천읍 원리
2022-03-23,힐스테이트포항,84.9562,"29,539",경상북도 포항남구 오천읍 원리
2022-03-23,포항자이 애서턴,101.9744,"64,350",경상북도 포항북구 학잠동
2022-03-23,포항자이 애서턴,101.8942,"63,020",경상북도 포항북구 학잠동
2022-03-23,포항자이 애서턴,101.9744,"64,350",경상북도 포항북구 학잠동
2022-03-23,포항자이 디오션,84.92,"60,410",경상북도 포항북구 항구동
2022-03-23,KTX포항역 삼구 트리니엔,84.9947,"32,990",경상북도 포항북구 흥해읍 이인리
2022-03-23,한화 포레나 포항,84.8901,"33,820",경상북도 포항북구 흥해읍 이인리
2022-03-23,한화 포레나 포항,84.8901,"33,700",경상북도 포항북구 흥해읍 이인리
2022-03-24,힐스테이트포항,74.8151,"27,025",경상북도 포항남구 오천읍 원리
2022-03-24,포항자이 애서턴,101.9744,"64,250",경상북도 포항북구 학잠동
2022-03-24,포항자이 애서턴,84.9253,"51,720",경상북도 포항북구 학잠동
2022-03-24,포항자이 애서턴,84.9253,"50,080",경상북도 포항북구 학잠동
2022-03-24,흥해 서희스타힐스 더 캐슬,59.9558,"20,690",경상북도 포항북구 흥해읍 옥성리
2022-03-25,포항 아이파크,84.9913,"34,970",경상북도 포항남구 오천읍 용산리
2022-03-25,포항 아이파크,84.5134,"35,700",경상북도 포항남구 오천읍 용산리
2022-03-25,포항 아이파크,84.5134,"35,700",경상북도 포항남구 오천읍 용산리
2022-03-25,포항 아이파크,84.5134,"35,200",경상북도 포항남구 오천읍 용산리
2022-03-25,힐스테이트포항,84.8786,"28,415",경상북도 포항남구 오천읍 원리
2022-03-25,포항자이 애서턴,101.8942,"60,840",경상북도 포항북구 학잠동
2022-03-25,포항자이 디오션,84.92,"63,400",경상북도 포항북구 항구동
2022-03-25,포항자이 디오션,84.92,"63,400",경상북도 포항북구 항구동
2022-03-25,포항자이 디오션,84.92,"63,400",경상북도 포항북구 항구동
2022-03-26,포항자이 디오션,84.92,"64,950",경상북도 포항북구 항구동
2022-03-26,포항자이 디오션,84.97,"61,890",경상북도 포항북구 항구동
2022-03-26,한화 포레나 포항,84.8901,"34,800",경상북도 포항북구 흥해읍 이인리
2022-03-27,포항자이 애서턴,84.9146,"51,390",경상북도 포항북구 학잠동
2022-03-27,포항자이 디오션,84.97,"63,020",경상북도 포항북구 항구동
2022-03-27,포항자이 디오션,84.85,"64,230",경상북도 포항북구 항구동
2022-03-27,포항자이 디오션,84.97,"57,650",경상북도 포항북구 항구동
2022-03-27,포항자이 디오션,84.97,"65,150",경상북도 포항북구 항구동
2022-03-27,포항자이 디오션,84.92,"60,410",경상북도 포항북구 항구동
2022-03-27,포항자이 디오션,84.97,"59,620",경상북도 포항북구 항구동
2022-03-28,포항자이 디오션,84.97,"63,750",경상북도 포항북구 항구동
2022-03-28,포항자이 디오션,84.85,"62,320",경상북도 포항북구 항구동
2022-03-28,포항자이 디오션,84.92,"59,480",경상북도 포항북구 항구동
2022-03-29,포항 아이파크,84.5134,"35,500",경상북도 포항남구 오천읍 용산리
2022-03-29,포항자이 애서턴,101.9744,"65,000",경상북도 포항북구 학잠동
2022-03-29,포항자이 애서턴,125.9389,"77,190",경상북도 포항북구 학잠동
2022-03-29,포항자이 디오션,84.97,"57,650",경상북도 포항북구 항구동
2022-03-29,포항자이 디오션,84.85,"66,320",경상북도 포항북구 항구동
2022-03-29,한화 포레나 포항,84.8901,"36,300",경상북도 포항북구 흥해읍 이인리
2022-03-30,힐스테이트포항,84.8786,"31,261",경상북도 포항남구 오천읍 원리
2022-03-30,포항자이 애서턴,84.9146,"51,960",경상북도 포항북구 학잠동
2022-03-30,포항자이 애서턴,84.9253,"51,570",경상북도 포항북구 학잠동
2022-03-30,포항자이 디오션,84.92,"63,400",경상북도 포항북구 항구동
2022-03-30,포항자이 디오션,84.97,"56,720",경상북도 포항북구 항구동
2022-03-30,포항자이 디오션,84.92,"63,400",경상북도 포항북구 항구동
2022-03-30,KTX포항역 삼구 트리니엔,84.9947,"32,490",경상북도 포항북구 흥해읍 이인리
2022-03-30,한화 포레나 포항,84.8901,"34,800",경상북도 포항북구 흥해읍 이인리
2022-03-30,힐스테이트 초곡,84.856,"36,700",경상북도 포항북구 흥해읍 초곡리
2022-03-31,포항자이 애서턴,101.9744,"64,050",경상북도 포항북구 학잠동
2022-03-31,포항자이 애서턴,84.9253,"52,070",경상북도 포항북구 학잠동
2022-03-31,포항자이 디오션,84.92,"63,500",경상북도 포항북구 항구동
2022-03-31,한화 포레나 포항,75.999,"31,740",경상북도 포항북구 흥해읍 이인리
2022-03-31,한화 포레나 포항,75.999,"31,740",경상북도 포항북구 흥해읍 이인리
2022-03-31,한화 포레나 포항,59.953,"25,590",경상북도 포항북구 흥해읍 이인리
2022-04-01,포항 아이파크,84.5134,"35,650",경상북도 포항남구 오천읍 용산리
2022-04-01,포항 아이파크,84.5134,"35,550",경상북도 포항남구 오천읍 용산리
2022-04-01,포항자이 디오션,84.97,"57,750",경상북도 포항북구 항구동
2022-04-01,흥해 서희스타힐스 더 캐슬,74.9751,"22,495",경상북도 포항북구 흥해읍 옥성리
2022-04-01,한화 포레나 포항,84.8901,"35,200",경상북도 포항북구 흥해읍 이인리
2022-04-01,힐스테이트 초곡,84.856,"37,550",경상북도 포항북구 흥해읍 초곡리
2022-04-02,포항자이 디오션,84.92,"61,440",경상북도 포항북구 항구동
2022-04-02,힐스테이트 초곡,84.839,"36,500",경상북도 포항북구 흥해읍 초곡리
2022-04-03,포항자이 애서턴,84.9253,"51,620",경상북도 포항북구 학잠동
2022-04-04,힐스테이트포항,59.9785,"22,721",경상북도 포항남구 오천읍 원리
2022-04-04,포항자이 애서턴,84.9253,"51,820",경상북도 포항북구 학잠동
2022-04-04,흥해 서희스타힐스 더 캐슬,84.9477,"27,957",경상북도 포항북구 흥해읍 옥성리
2022-04-04,KTX포항역 삼구 트리니엔,84.9947,"33,890",경상북도 포항북구 흥해읍 이인리
2022-04-04,KTX포항역 삼구 트리니엔,84.9947,"33,890",경상북도 포항북구 흥해읍 이인리
2022-04-04,한화 포레나 포항,84.8901,"35,200",경상북도 포항북구 흥해읍 이인리
2022-04-04,한화 포레나 포항,84.8901,"35,000",경상북도 포항북구 흥해읍 이인리
2022-04-05,KTX포항역 삼구 트리니엔,59.9951,"24,210",경상북도 포항북구 흥해읍 이인리
2022-04-05,KTX포항역 삼구 트리니엔,84.9947,"33,500",경상북도 포항북구 흥해읍 이인리
2022-04-05,힐스테이트 초곡,84.856,"36,650",경상북도 포항북구 흥해읍 초곡리
2022-04-06,힐스테이트포항,74.8151,"25,187",경상북도 포항남구 오천읍 원리
2022-04-06,힐스테이트포항,74.8151,"26,031",경상북도 포항남구 오천읍 원리
2022-04-06,포항자이 애서턴,84.9253,"50,910",경상북도 포항북구 학잠동
2022-04-06,힐스테이트 초곡,74.638,"32,934",경상북도 포항북구 흥해읍 초곡리
2022-04-07,포항자이 디오션,84.85,"62,370",경상북도 포항북구 항구동
2022-04-07,흥해 서희스타힐스 더 캐슬,59.9874,"20,500",경상북도 포항북구 흥해읍 옥성리
2022-04-07,KTX포항역 삼구 트리니엔,67.9916,"24,820",경상북도 포항북구 흥해읍 이인리
2022-04-07,힐스테이트 초곡,59.983,"26,360",경상북도 포항북구 흥해읍 초곡리
2022-04-08,포항 아이파크,84.5134,"35,600",경상북도 포항남구 오천읍 용산리
2022-04-08,포항 아이파크,84.5134,"35,600",경상북도 포항남구 오천읍 용산리
2022-04-08,힐스테이트포항,84.8786,"29,099",경상북도 포항남구 오천읍 원리
2022-04-08,힐스테이트포항,74.8151,"27,411",경상북도 포항남구 오천읍 원리
2022-04-08,포항자이 디오션,84.92,"61,340",경상북도 포항북구 항구동
2022-04-08,한화 포레나 포항,84.8901,"37,220",경상북도 포항북구 흥해읍 이인리
2022-04-09,힐스테이트포항,74.8151,"26,601",경상북도 포항남구 오천읍 원리
2022-04-09,힐스테이트포항,74.8151,"26,601",경상북도 포항남구 오천읍 원리
2022-04-09,한화 포레나 포항,84.8901,"36,000",경상북도 포항북구 흥해읍 이인리
2022-04-09,힐스테이트 초곡,84.839,"37,575",경상북도 포항북구 흥해읍 초곡리
2022-04-10,힐스테이트포항,74.8151,"26,657",경상북도 포항남구 오천읍 원리
2022-04-10,포항자이 애서턴,84.9253,"51,820",경상북도 포항북구 학잠동
2022-04-10,흥해 서희스타힐스 더 캐슬,59.9558,"18,970",경상북도 포항북구 흥해읍 옥성리
2022-04-10,힐스테이트 초곡,74.638,"32,914",경상북도 포항북구 흥해읍 초곡리
2022-04-10,힐스테이트 초곡,74.638,"32,914",경상북도 포항북구 흥해읍 초곡리
2022-04-11,포항 아이파크,84.5134,"35,600",경상북도 포항남구 오천읍 용산리
2022-04-11,포항 아이파크,84.5134,"35,900",경상북도 포항남구 오천읍 용산리
2022-04-11,포항자이 애서턴,101.9361,"62,750",경상북도 포항북구 학잠동
2022-04-11,포항자이 애서턴,84.9253,"50,860",경상북도 포항북구 학잠동
2022-04-11,포항자이 디오션,84.92,"61,440",경상북도 포항북구 항구동
2022-04-11,한화 포레나 포항,84.8901,"35,000",경상북도 포항북구 흥해읍 이인리
2022-04-12,포항 아이파크,101.6515,"46,770",경상북도 포항남구 오천읍 용산리
2022-04-12,포항자이 애서턴,84.9146,"51,200",경상북도 포항북구 학잠동
2022-04-12,포항자이 애서턴,101.9526,"68,350",경상북도 포항북구 학잠동
2022-04-12,포항자이 애서턴,101.9744,"64,350",경상북도 포항북구 학잠동
2022-04-12,포항자이 디오션,84.97,"58,680",경상북도 포항북구 항구동
2022-04-12,힐스테이트 초곡,74.835,"32,900",경상북도 포항북구 흥해읍 초곡리
2022-04-13,포항 아이파크,84.5134,"35,700",경상북도 포항남구 오천읍 용산리
2022-04-13,힐스테이트포항,74.8151,"27,291",경상북도 포항남구 오천읍 원리
2022-04-13,포항자이 애서턴,84.9409,"51,050",경상북도 포항북구 학잠동
2022-04-13,포항자이 애서턴,84.9253,"51,720",경상북도 포항북구 학잠동
2022-04-13,포항자이 애서턴,101.9361,"64,190",경상북도 포항북구 학잠동
2022-04-13,포항자이 애서턴,84.9253,"50,080",경상북도 포항북구 학잠동
2022-04-13,포항자이 디오션,84.85,"64,300",경상북도 포항북구 항구동
2022-04-13,흥해 서희스타힐스 더 캐슬,84.9477,"26,585",경상북도 포항북구 흥해읍 옥성리
2022-04-13,힐스테이트 초곡,74.638,"32,300",경상북도 포항북구 흥해읍 초곡리
2022-04-14,포항 아이파크,84.5134,"35,700",경상북도 포항남구 오천읍 용산리
2022-04-14,포항자이 애서턴,101.9361,"63,960",경상북도 포항북구 학잠동
2022-04-14,KTX포항역 삼구 트리니엔,84.9947,"33,990",경상북도 포항북구 흥해읍 이인리
2022-04-14,힐스테이트 초곡,84.856,"37,109",경상북도 포항북구 흥해읍 초곡리
2022-04-15,포항 아이파크,84.5134,"36,000",경상북도 포항남구 오천읍 용산리
2022-04-15,포항 아이파크,84.5134,"36,100",경상북도 포항남구 오천읍 용산리
2022-04-15,포항 아이파크,84.5134,"35,550",경상북도 포항남구 오천읍 용산리
2022-04-15,포항 아이파크,84.5134,"35,600",경상북도 포항남구 오천읍 용산리
2022-04-15,힐스테이트포항,59.9785,"22,221",경상북도 포항남구 오천읍 원리
2022-04-15,힐스테이트포항,74.8151,"26,140",경상북도 포항남구 오천읍 원리
2022-04-15,KTX포항역 삼구 트리니엔,84.9947,"34,490",경상북도 포항북구 흥해읍 이인리
2022-04-15,한화 포레나 포항,84.8901,"35,200",경상북도 포항북구 흥해읍 이인리
2022-04-16,포항 아이파크,75.9101,"31,790",경상북도 포항남구 오천읍 용산리
2022-04-16,포항 양학 신원아침도시 퀘렌시아,84.77,"38,455",경상북도 포항북구 득량동
2022-04-16,포항자이 애서턴,101.8942,"64,070",경상북도 포항북구 학잠동
2022-04-16,포항자이 애서턴,84.9409,"50,400",경상북도 포항북구 학잠동
2022-04-16,포항자이 애서턴,101.9361,"63,990",경상북도 포항북구 학잠동
2022-04-17,포항 양학 신원아침도시 퀘렌시아,60.6372,"23,598",경상북도 포항북구 득량동
2022-04-18,포항 아이파크,84.5134,"35,550",경상북도 포항남구 오천읍 용산리
2022-04-18,포항 아이파크,84.5134,"35,550",경상북도 포항남구 오천읍 용산리
2022-04-18,포항 아이파크,84.5134,"35,450",경상북도 포항남구 오천읍 용산리
2022-04-18,포항 아이파크,84.5134,"35,600",경상북도 포항남구 오천읍 용산리
2022-04-18,포항자이 애서턴,101.8942,"62,030",경상북도 포항북구 학잠동
2022-04-18,포항자이 애서턴,84.9409,"49,650",경상북도 포항북구 학잠동
2022-04-18,포항자이 애서턴,101.8942,"61,780",경상북도 포항북구 학잠동
2022-04-18,포항자이 애서턴,84.9253,"51,620",경상북도 포항북구 학잠동
2022-04-18,포항자이 애서턴,84.9253,"50,860",경상북도 포항북구 학잠동
2022-04-18,포항자이 애서턴,101.8942,"62,680",경상북도 포항북구 학잠동
2022-04-18,한화 포레나 포항,84.8901,"36,000",경상북도 포항북구 흥해읍 이인리
2022-04-19,포항 아이파크,84.5134,"35,800",경상북도 포항남구 오천읍 용산리
2022-04-19,포항 아이파크,84.5134,"35,300",경상북도 포항남구 오천읍 용산리
2022-04-19,포항 아이파크,84.5134,"35,900",경상북도 포항남구 오천읍 용산리
2022-04-19,포항 아이파크,84.5134,"35,670",경상북도 포항남구 오천읍 용산리
2022-04-19,포항 아이파크,84.5134,"35,850",경상북도 포항남구 오천읍 용산리
2022-04-19,포항자이 애서턴,84.9253,"50,860",경상북도 포항북구 학잠동
2022-04-19,포항자이 애서턴,125.9389,"77,290",경상북도 포항북구 학잠동
2022-04-19,포항자이 애서턴,84.9253,"51,585",경상북도 포항북구 학잠동
2022-04-19,포항자이 애서턴,84.9409,"51,550",경상북도 포항북구 학잠동
2022-04-19,포항자이 애서턴,84.9253,"51,820",경상북도 포항북구 학잠동
2022-04-19,흥해 서희스타힐스 더 캐슬,74.9751,"25,230",경상북도 포항북구 흥해읍 옥성리
2022-04-19,KTX포항역 삼구 트리니엔,59.9951,"23,670",경상북도 포항북구 흥해읍 이인리
2022-04-20,포항자이 애서턴,101.9744,"64,050",경상북도 포항북구 학잠동
2022-04-20,포항자이 애서턴,84.9253,"50,100",경상북도 포항북구 학잠동
2022-04-20,흥해 서희스타힐스 더 캐슬,59.9925,"20,390",경상북도 포항북구 흥해읍 옥성리
2022-04-20,흥해 서희스타힐스 더 캐슬,59.9558,"20,490",경상북도 포항북구 흥해읍 옥성리
2022-04-20,한화 포레나 포항,84.5162,"34,700",경상북도 포항북구 흥해읍 이인리
2022-04-20,힐스테이트 초곡,59.76,"26,100",경상북도 포항북구 흥해읍 초곡리
2022-04-21,포항자이 애서턴,84.9146,"51,390",경상북도 포항북구 학잠동
2022-04-21,힐스테이트 초곡,76.843,"33,794",경상북도 포항북구 흥해읍 초곡리
2022-04-22,포항 아이파크,75.9101,"31,990",경상북도 포항남구 오천읍 용산리
2022-04-22,포항자이 애서턴,84.9253,"50,840",경상북도 포항북구 학잠동
2022-04-23,포항자이 애서턴,84.9409,"51,200",경상북도 포항북구 학잠동
2022-04-24,포항 아이파크,84.5134,"35,800",경상북도 포항남구 오천읍 용산리
2022-04-24,포항자이 애서턴,84.9253,"50,100",경상북도 포항북구 학잠동
2022-04-24,포항자이 디오션,84.92,"59,480",경상북도 포항북구 항구동
2022-04-24,흥해 서희스타힐스 더 캐슬,59.9874,"18,320",경상북도 포항북구 흥해읍 옥성리
2022-04-25,포항 아이파크,84.5134,"35,700",경상북도 포항남구 오천읍 용산리
2022-04-25,포항자이 애서턴,84.9253,"50,910",경상북도 포항북구 학잠동
2022-04-25,포항자이 애서턴,84.9146,"50,430",경상북도 포항북구 학잠동
2022-04-25,포항자이 애서턴,84.9253,"50,860",경상북도 포항북구 학잠동
2022-04-25,포항자이 애서턴,84.9146,"52,990",경상북도 포항북구 학잠동
2022-04-25,포항자이 디오션,84.97,"56,770",경상북도 포항북구 항구동
2022-04-25,포항자이 디오션,84.85,"61,290",경상북도 포항북구 항구동
2022-04-25,흥해 서희스타힐스 더 캐슬,59.9925,"20,090",경상북도 포항북구 흥해읍 옥성리
2022-04-25,힐스테이트 초곡,84.856,"36,900",경상북도 포항북구 흥해읍 초곡리
2022-04-26,포항자이 애서턴,84.9409,"48,900",경상북도 포항북구 학잠동
2022-04-26,포항자이 애서턴,84.9253,"51,720",경상북도 포항북구 학잠동
2022-04-26,포항자이 애서턴,84.9253,"53,260",경상북도 포항북구 학잠동
2022-04-26,KTX포항역 삼구 트리니엔,67.9916,"25,400",경상북도 포항북구 흥해읍 이인리
2022-04-26,KTX포항역 삼구 트리니엔,84.9947,"33,480",경상북도 포항북구 흥해읍 이인리
2022-04-26,힐스테이트 초곡,84.856,"35,970",경상북도 포항북구 흥해읍 초곡리
2022-04-27,포항 아이파크,101.6515,"46,340",경상북도 포항남구 오천읍 용산리
2022-04-27,포항 아이파크,84.5134,"35,300",경상북도 포항남구 오천읍 용산리
2022-04-27,포항자이 애서턴,84.9146,"50,900",경상북도 포항북구 학잠동
2022-04-27,힐스테이트 초곡,84.856,"35,900",경상북도 포항북구 흥해읍 초곡리
2022-04-27,힐스테이트 초곡,74.638,"32,500",경상북도 포항북구 흥해읍 초곡리
2022-04-27,힐스테이트 초곡,76.843,"33,450",경상북도 포항북구 흥해읍 초곡리
2022-04-28,포항 아이파크,84.5134,"35,100",경상북도 포항남구 오천읍 용산리
2022-04-28,포항 양학 신원아침도시 퀘렌시아,84.773,"34,639",경상북도 포항북구 득량동
2022-04-28,포항자이 애서턴,84.9146,"50,390",경상북도 포항북구 학잠동
2022-04-28,포항자이 애서턴,84.9146,"51,960",경상북도 포항북구 학잠동
2022-04-28,흥해 서희스타힐스 더 캐슬,59.9874,"18,766",경상북도 포항북구 흥해읍 옥성리
2022-04-28,KTX포항역 삼구 트리니엔,84.9947,"33,190",경상북도 포항북구 흥해읍 이인리
2022-04-29,포항 아이파크,84.5134,"35,420",경상북도 포항남구 오천읍 용산리
2022-04-29,포항 아이파크,84.5134,"35,600",경상북도 포항남구 오천읍 용산리
2022-04-29,힐스테이트포항,59.9785,"22,721",경상북도 포항남구 오천읍 원리
2022-04-30,한화 포레나 포항,75.999,"34,397",경상북도 포항북구 흥해읍 이인리
2022-04-30,힐스테이트 초곡,59.76,"26,674",경상북도 포항북구 흥해읍 초곡리
2022-05-01,포항자이 애서턴,84.9253,"50,300",경상북도 포항북구 학잠동
2022-05-02,힐스테이트포항,84.8786,"30,822",경상북도 포항남구 오천읍 원리
2022-05-02,포항 양학 신원아침도시 퀘렌시아,109.2668,"46,790",경상북도 포항북구 득량동
2022-05-02,포항자이 애서턴,84.9253,"50,840",경상북도 포항북구 학잠동
2022-05-02,포항자이 디오션,84.97,"63,450",경상북도 포항북구 항구동
2022-05-02,흥해 서희스타힐스 더 캐슬,59.9558,"20,640",경상북도 포항북구 흥해읍 옥성리
2022-05-02,KTX포항역 삼구 트리니엔,84.9947,"34,240",경상북도 포항북구 흥해읍 이인리
2022-05-03,포항자이 애서턴,84.9253,"50,100",경상북도 포항북구 학잠동
2022-05-04,힐스테이트포항,84.8786,"30,872",경상북도 포항남구 오천읍 원리
2022-05-04,한화 포레나 포항,75.999,"31,400",경상북도 포항북구 흥해읍 이인리
2022-05-04,힐스테이트 초곡,84.856,"36,900",경상북도 포항북구 흥해읍 초곡리
2022-05-05,힐스테이트포항,74.8151,"28,348",경상북도 포항남구 오천읍 원리
2022-05-05,힐스테이트포항,74.8151,"26,992",경상북도 포항남구 오천읍 원리
2022-05-05,힐스테이트 초곡,84.839,"36,500",경상북도 포항북구 흥해읍 초곡리
2022-05-06,힐스테이트포항,59.9785,"21,547",경상북도 포항남구 오천읍 원리
2022-05-06,한화 포레나 포항,59.953,"26,200",경상북도 포항북구 흥해읍 이인리
2022-05-08,힐스테이트 초곡,84.856,"36,700",경상북도 포항북구 흥해읍 초곡리
2022-05-09,한화 포레나 포항,109.4477,"50,860",경상북도 포항북구 흥해읍 이인리
2022-05-10,한화 포레나 포항,84.8901,"35,980",경상북도 포항북구 흥해읍 이인리
2022-05-11,포항 양학 신원아침도시 퀘렌시아,60.64,"24,196",경상북도 포항북구 득량동
2022-05-12,포항자이 애서턴,101.9361,"62,750",경상북도 포항북구 학잠동
2022-05-12,포항자이 애서턴,101.9361,"62,750",경상북도 포항북구 학잠동
2022-05-12,힐스테이트 초곡,84.839,"37,150",경상북도 포항북구 흥해읍 초곡리
2022-05-13,포항자이 애서턴,84.9409,"50,050",경상북도 포항북구 학잠동
2022-05-13,포항자이 애서턴,101.9526,"68,730",경상북도 포항북구 학잠동
2022-05-14,힐스테이트 초곡,84.839,"36,300",경상북도 포항북구 흥해읍 초곡리
2022-05-16,힐스테이트포항,74.8151,"26,061",경상북도 포항남구 오천읍 원리
2022-05-16,힐스테이트포항,84.8786,"30,572",경상북도 포항남구 오천읍 원리
2022-05-16,힐스테이트포항,74.8151,"26,051",경상북도 포항남구 오천읍 원리
2022-05-16,포항자이 애서턴,101.9744,"65,150",경상북도 포항북구 학잠동
2022-05-16,포항자이 애서턴,101.9744,"64,350",경상북도 포항북구 학잠동
2022-05-16,KTX포항역 삼구 트리니엔,84.9947,"32,490",경상북도 포항북구 흥해읍 이인리
2022-05-16,힐스테이트 초곡,84.839,"37,000",경상북도 포항북구 흥해읍 초곡리
2022-05-16,힐스테이트 초곡,74.638,"32,300",경상북도 포항북구 흥해읍 초곡리
2022-05-16,힐스테이트 초곡,84.839,"36,900",경상북도 포항북구 흥해읍 초곡리
2022-05-16,힐스테이트 초곡,84.856,"35,100",경상북도 포항북구 흥해읍 초곡리
2022-05-16,힐스테이트 초곡,84.839,"36,900",경상북도 포항북구 흥해읍 초곡리
2022-05-16,힐스테이트 초곡,84.856,"35,100",경상북도 포항북구 흥해읍 초곡리
2022-05-17,포항자이 애서턴,84.9253,"51,720",경상북도 포항북구 학잠동
2022-05-17,포항자이 애서턴,84.9253,"50,810",경상북도 포항북구 학잠동
2022-05-17,포항자이 애서턴,84.9409,"49,650",경상북도 포항북구 학잠동
2022-05-17,흥해 서희스타힐스 더 캐슬,84.9477,"28,430",경상북도 포항북구 흥해읍 옥성리
2022-05-17,힐스테이트 초곡,84.839,"35,900",경상북도 포항북구 흥해읍 초곡리
2022-05-17,힐스테이트 초곡,84.839,"35,450",경상북도 포항북구 흥해읍 초곡리
2022-05-17,힐스테이트 초곡,74.638,"32,594",경상북도 포항북구 흥해읍 초곡리
2022-05-18,포항 양학 신원아침도시 퀘렌시아,84.9752,"40,120",경상북도 포항북구 득량동
2022-05-18,포항자이 애서턴,84.9253,"51,920",경상북도 포항북구 학잠동
2022-05-18,포항자이 애서턴,84.9409,"50,100",경상북도 포항북구 학잠동
2022-05-18,힐스테이트 초곡,84.839,"36,500",경상북도 포항북구 흥해읍 초곡리
2022-05-18,힐스테이트 초곡,84.839,"36,500",경상북도 포항북구 흥해읍 초곡리
2022-05-18,힐스테이트 초곡,84.856,"36,300",경상북도 포항북구 흥해읍 초곡리
2022-05-19,포항자이 애서턴,84.9253,"51,820",경상북도 포항북구 학잠동
2022-05-19,한화 포레나 포항,84.8901,"35,980",경상북도 포항북구 흥해읍 이인리
2022-05-19,힐스테이트 초곡,84.839,"36,700",경상북도 포항북구 흥해읍 초곡리
2022-05-19,힐스테이트 초곡,74.638,"33,199",경상북도 포항북구 흥해읍 초곡리
2022-05-20,포항자이 디오션,84.92,"62,270",경상북도 포항북구 항구동
2022-05-20,한화 포레나 포항,84.5162,"36,080",경상북도 포항북구 흥해읍 이인리
2022-05-20,한화 포레나 포항,109.4477,"50,760",경상북도 포항북구 흥해읍 이인리
2022-05-20,힐스테이트 초곡,59.76,"26,300",경상북도 포항북구 흥해읍 초곡리
2022-05-21,포항 아이파크,84.5134,"35,300",경상북도 포항남구 오천읍 용산리
2022-05-23,힐스테이트포항,74.8151,"27,391",경상북도 포항남구 오천읍 원리
2022-05-23,포항자이 애서턴,84.9253,"51,710",경상북도 포항북구 학잠동
2022-05-23,포항자이 애서턴,84.9253,"50,960",경상북도 포항북구 학잠동
2022-05-23,한화 포레나 포항,84.8901,"36,880",경상북도 포항북구 흥해읍 이인리
2022-05-23,한화 포레나 포항,84.8901,"34,800",경상북도 포항북구 흥해읍 이인리
2022-05-24,포항자이 애서턴,84.9253,"52,120",경상북도 포항북구 학잠동
2022-05-24,KTX포항역 삼구 트리니엔,84.9947,"32,440",경상북도 포항북구 흥해읍 이인리
2022-05-25,힐스테이트포항,84.8786,"29,265",경상북도 포항남구 오천읍 원리
2022-05-25,포항자이 애서턴,84.9409,"51,150",경상북도 포항북구 학잠동
2022-05-25,포항자이 디오션,84.92,"61,240",경상북도 포항북구 항구동
2022-05-25,힐스테이트 초곡,74.638,"33,000",경상북도 포항북구 흥해읍 초곡리
2022-05-27,포항자이 디오션,84.92,"62,220",경상북도 포항북구 항구동
2022-05-27,KTX포항역 삼구 트리니엔,84.9727,"32,490",경상북도 포항북구 흥해읍 이인리
2022-05-28,힐스테이트포항,74.8151,"25,480",경상북도 포항남구 오천읍 원리
2022-05-30,KTX포항역 삼구 트리니엔,67.9916,"24,920",경상북도 포항북구 흥해읍 이인리
2022-05-30,힐스테이트 초곡,84.856,"37,200",경상북도 포항북구 흥해읍 초곡리
2022-05-30,힐스테이트 초곡,84.839,"36,700",경상북도 포항북구 흥해읍 초곡리
2022-05-31,포항자이 디오션,84.85,"55,980",경상북도 포항북구 항구동
2022-05-31,KTX포항역 삼구 트리니엔,84.9947,"31,390",경상북도 포항북구 흥해읍 이인리
2022-05-31,한화 포레나 포항,84.5162,"34,545",경상북도 포항북구 흥해읍 이인리
2022-05-31,힐스테이트 초곡,74.993,"33,644",경상북도 포항북구 흥해읍 초곡리
2022-06-01,한화 포레나 포항,75.999,"31,600",경상북도 포항북구 흥해읍 이인리
2022-06-01,힐스테이트 초곡,84.839,"36,300",경상북도 포항북구 흥해읍 초곡리
2022-06-01,힐스테이트 초곡,84.839,"36,300",경상북도 포항북구 흥해읍 초곡리
2022-06-02,포항 아이파크,84.5134,"35,600",경상북도 포항남구 오천읍 용산리
2022-06-02,힐스테이트포항,59.9785,"23,239",경상북도 포항남구 오천읍 원리
2022-06-02,포항자이 디오션,84.97,"63,320",경상북도 포항북구 항구동
2022-06-02,한화 포레나 포항,84.5162,"35,000",경상북도 포항북구 흥해읍 이인리
2022-06-03,포항 아이파크,101.6515,"46,720",경상북도 포항남구 오천읍 용산리
2022-06-03,힐스테이트 초곡,59.76,"26,100",경상북도 포항북구 흥해읍 초곡리
2022-06-04,힐스테이트포항,59.9785,"23,595",경상북도 포항남구 오천읍 원리
2022-06-04,포항자이 애서턴,101.9361,"62,850",경상북도 포항북구 학잠동
2022-06-04,포항자이 애서턴,84.9253,"49,340",경상북도 포항북구 학잠동
2022-06-04,포항자이 디오션,84.85,"58,500",경상북도 포항북구 항구동
2022-06-05,KTX포항역 삼구 트리니엔,84.9947,"32,990",경상북도 포항북구 흥해읍 이인리
2022-06-06,포항자이 애서턴,101.9744,"64,800",경상북도 포항북구 학잠동
2022-06-06,포항자이 애서턴,101.9744,"64,350",경상북도 포항북구 학잠동
2022-06-07,힐스테이트포항,59.9785,"22,637",경상북도 포항남구 오천읍 원리
2022-06-07,힐스테이트포항,59.9785,"20,419",경상북도 포항남구 오천읍 원리
2022-06-07,KTX포항역 삼구 트리니엔,84.9947,"33,490",경상북도 포항북구 흥해읍 이인리
2022-06-08,힐스테이트포항,74.8151,"27,091",경상북도 포항남구 오천읍 원리
2022-06-08,포항자이 애서턴,84.9253,"51,452",경상북도 포항북구 학잠동
2022-06-09,힐스테이트 환호공원 1블록,101.4761,"61,960",경상북도 포항북구 양덕동
2022-06-09,포항자이 애서턴,84.9253,"50,960",경상북도 포항북구 학잠동
2022-06-10,포항 아이파크,84.5134,"35,550",경상북도 포항남구 오천읍 용산리
2022-06-10,힐스테이트포항,74.8151,"26,757",경상북도 포항남구 오천읍 원리
2022-06-10,힐스테이트 환호공원 1블록,101.4761,"62,060",경상북도 포항북구 양덕동
2022-06-10,힐스테이트 환호공원 1블록,84.8442,"52,400",경상북도 포항북구 양덕동
2022-06-10,힐스테이트 환호공원 2블록,84.8442,"52,300",경상북도 포항북구 양덕동
2022-06-10,포항자이 애서턴,84.9409,"51,250",경상북도 포항북구 학잠동
2022-06-10,KTX포항역 삼구 트리니엔,84.9947,"32,990",경상북도 포항북구 흥해읍 이인리
2022-06-10,한화 포레나 포항,84.5162,"35,860",경상북도 포항북구 흥해읍 이인리
2022-06-10,한화 포레나 포항,109.4477,"51,790",경상북도 포항북구 흥해읍 이인리
2022-06-11,포항 아이파크,84.5134,"35,300",경상북도 포항남구 오천읍 용산리
2022-06-11,힐스테이트 환호공원 2블록,101.4761,"61,960",경상북도 포항북구 양덕동
2022-06-11,포항자이 애서턴,84.9253,"51,720",경상북도 포항북구 학잠동
2022-06-11,한화 포레나 포항,84.8901,"36,300",경상북도 포항북구 흥해읍 이인리
2022-06-13,포항 아이파크,84.5134,"34,550",경상북도 포항남구 오천읍 용산리
2022-06-13,힐스테이트 환호공원 1블록,59.8382,"33,790",경상북도 포항북구 양덕동
2022-06-13,힐스테이트 환호공원 2블록,101.7442,"62,700",경상북도 포항북구 양덕동
2022-06-13,포항자이 디오션,84.92,"63,516",경상북도 포항북구 항구동
2022-06-13,흥해 서희스타힐스 더 캐슬,74.9751,"22,995",경상북도 포항북구 흥해읍 옥성리
2022-06-13,힐스테이트 초곡,84.856,"36,600",경상북도 포항북구 흥해읍 초곡리
2022-06-13,힐스테이트 초곡,84.839,"34,400",경상북도 포항북구 흥해읍 초곡리
2022-06-13,힐스테이트 초곡,84.856,"37,170",경상북도 포항북구 흥해읍 초곡리
2022-06-14,힐스테이트포항,74.9627,"27,447",경상북도 포항남구 오천읍 원리
2022-06-14,힐스테이트 환호공원 1블록,84.8442,"52,270",경상북도 포항북구 양덕동
2022-06-14,힐스테이트 환호공원 2블록,101.7442,"62,700",경상북도 포항북구 양덕동
2022-06-14,포항자이 애서턴,101.8942,"64,170",경상북도 포항북구 학잠동
2022-06-14,포항자이 애서턴,101.8942,"65,859",경상북도 포항북구 학잠동
2022-06-14,포항자이 애서턴,101.8942,"65,760",경상북도 포항북구 학잠동
2022-06-14,한화 포레나 포항,84.8901,"36,880",경상북도 포항북구 흥해읍 이인리
2022-06-14,힐스테이트 초곡,74.638,"33,344",경상북도 포항북구 흥해읍 초곡리
2022-06-15,힐스테이트 환호공원 1블록,84.8795,"52,150",경상북도 포항북구 양덕동
2022-06-15,힐스테이트 환호공원 2블록,84.8442,"52,300",경상북도 포항북구 양덕동
2022-06-15,한화 포레나 포항,84.5162,"34,950",경상북도 포항북구 흥해읍 이인리
2022-06-15,힐스테이트 초곡,76.843,"33,400",경상북도 포항북구 흥해읍 초곡리
2022-06-16,힐스테이트포항,74.8151,"27,111",경상북도 포항남구 오천읍 원리
2022-06-16,힐스테이트 환호공원 2블록,84.8442,"49,960",경상북도 포항북구 양덕동
2022-06-16,힐스테이트 환호공원 2블록,101.7442,"62,700",경상북도 포항북구 양덕동
2022-06-16,힐스테이트 환호공원 2블록,84.8442,"52,400",경상북도 포항북구 양덕동
2022-06-16,힐스테이트 환호공원 2블록,59.9749,"33,650",경상북도 포항북구 양덕동
2022-06-17,힐스테이트포항,84.8786,"30,432",경상북도 포항남구 오천읍 원리
2022-06-17,힐스테이트포항,74.6624,"27,041",경상북도 포항남구 오천읍 원리
2022-06-17,포항 양학 신원아침도시 퀘렌시아,53.7133,"20,874",경상북도 포항북구 득량동
2022-06-17,한화 포레나 포항,84.5162,"35,300",경상북도 포항북구 흥해읍 이인리
2022-06-17,한화 포레나 포항,75.999,"32,346",경상북도 포항북구 흥해읍 이인리
2022-06-18,힐스테이트 환호공원 2블록,101.7442,"62,600",경상북도 포항북구 양덕동
2022-06-18,힐스테이트 환호공원 2블록,59.8382,"32,720",경상북도 포항북구 양덕동
2022-06-18,흥해 서희스타힐스 더 캐슬,84.9477,"24,585",경상북도 포항북구 흥해읍 옥성리
2022-06-18,KTX포항역 삼구 트리니엔,59.9951,"23,990",경상북도 포항북구 흥해읍 이인리
2022-06-19,힐스테이트 초곡,74.638,"32,300",경상북도 포항북구 흥해읍 초곡리
2022-06-20,힐스테이트포항,59.9785,"21,453",경상북도 포항남구 오천읍 원리
2022-06-20,힐스테이트 환호공원 1블록,84.8442,"52,300",경상북도 포항북구 양덕동
2022-06-20,힐스테이트 환호공원 1블록,101.7442,"62,550",경상북도 포항북구 양덕동
2022-06-20,힐스테이트 환호공원 2블록,101.4761,"61,960",경상북도 포항북구 양덕동
2022-06-20,포항자이 애서턴,84.9253,"50,810",경상북도 포항북구 학잠동
2022-06-20,한화 포레나 포항,84.8901,"35,200",경상북도 포항북구 흥해읍 이인리
2022-06-20,한화 포레나 포항,109.4477,"49,460",경상북도 포항북구 흥해읍 이인리
2022-06-20,한화 포레나 포항,84.8901,"35,200",경상북도 포항북구 흥해읍 이인리
2022-06-21,힐스테이트포항,59.9785,"22,869",경상북도 포항남구 오천읍 원리
2022-06-21,힐스테이트포항,84.8786,"30,769",경상북도 포항남구 오천읍 원리
2022-06-21,힐스테이트 환호공원 2블록,101.4761,"60,060",경상북도 포항북구 양덕동
2022-06-21,KTX포항역 삼구 트리니엔,84.9947,"32,890",경상북도 포항북구 흥해읍 이인리
2022-06-21,힐스테이트 초곡,84.856,"37,100",경상북도 포항북구 흥해읍 초곡리
2022-06-22,힐스테이트포항,84.9562,"28,739",경상북도 포항남구 오천읍 원리
2022-06-22,힐스테이트포항,74.9627,"27,710",경상북도 포항남구 오천읍 원리
2022-06-22,힐스테이트 환호공원 1블록,59.8382,"34,150",경상북도 포항북구 양덕동
2022-06-22,힐스테이트 환호공원 2블록,101.7442,"61,650",경상북도 포항북구 양덕동
2022-06-22,힐스테이트 환호공원 2블록,101.7442,"62,600",경상북도 포항북구 양덕동
2022-06-22,KTX포항역 삼구 트리니엔,84.9947,"32,965",경상북도 포항북구 흥해읍 이인리
2022-06-22,한화 포레나 포항,84.5162,"35,100",경상북도 포항북구 흥해읍 이인리
2022-06-23,포항 양학 신원아침도시 퀘렌시아,60.64,"26,261",경상북도 포항북구 득량동
2022-06-23,힐스테이트 환호공원 1블록,59.8382,"32,820",경상북도 포항북구 양덕동
2022-06-23,힐스테이트 환호공원 2블록,101.7442,"61,620",경상북도 포항북구 양덕동
2022-06-24,힐스테이트 환호공원 2블록,101.4761,"61,960",경상북도 포항북구 양덕동
2022-06-25,힐스테이트 환호공원 2블록,59.8382,"34,230",경상북도 포항북구 양덕동
2022-06-25,포항자이 애서턴,84.9253,"50,960",경상북도 포항북구 학잠동
2022-06-25,KTX포항역 삼구 트리니엔,84.9947,"32,290",경상북도 포항북구 흥해읍 이인리
2022-06-25,한화 포레나 포항,109.4477,"52,060",경상북도 포항북구 흥해읍 이인리
2022-06-25,한화 포레나 포항,84.5162,"35,780",경상북도 포항북구 흥해읍 이인리
2022-06-26,포항 아이파크,84.9913,"34,990",경상북도 포항남구 오천읍 용산리
2022-06-26,힐스테이트 환호공원 1블록,84.8442,"52,350",경상북도 포항북구 양덕동
2022-06-26,힐스테이트 환호공원 2블록,101.7442,"57,610",경상북도 포항북구 양덕동
2022-06-26,힐스테이트 환호공원 2블록,84.8442,"52,300",경상북도 포항북구 양덕동
2022-06-26,힐스테이트 환호공원 2블록,84.8442,"50,690",경상북도 포항북구 양덕동
2022-06-26,힐스테이트 환호공원 2블록,84.8442,"52,300",경상북도 포항북구 양덕동
2022-06-26,힐스테이트 환호공원 2블록,84.8442,"50,690",경상북도 포항북구 양덕동
2022-06-26,한화 포레나 포항,84.8901,"34,000",경상북도 포항북구 흥해읍 이인리
2022-06-27,포항 아이파크,84.9913,"32,990",경상북도 포항남구 오천읍 용산리
2022-06-27,힐스테이트포항,84.8786,"32,068",경상북도 포항남구 오천읍 원리
2022-06-27,힐스테이트 환호공원 1블록,101.4761,"61,960",경상북도 포항북구 양덕동
2022-06-27,힐스테이트 환호공원 1블록,84.8442,"52,300",경상북도 포항북구 양덕동
2022-06-27,힐스테이트 환호공원 1블록,101.7442,"62,700",경상북도 포항북구 양덕동
2022-06-27,힐스테이트 환호공원 1블록,84.8442,"52,400",경상북도 포항북구 양덕동
2022-06-27,힐스테이트 환호공원 1블록,101.7442,"62,700",경상북도 포항북구 양덕동
2022-06-27,힐스테이트 환호공원 1블록,84.8442,"52,300",경상북도 포항북구 양덕동
2022-06-27,힐스테이트 환호공원 1블록,101.4761,"61,960",경상북도 포항북구 양덕동
2022-06-27,힐스테이트 환호공원 1블록,101.7442,"62,600",경상북도 포항북구 양덕동
2022-06-27,힐스테이트 환호공원 1블록,84.8442,"52,280",경상북도 포항북구 양덕동
2022-06-27,힐스테이트 환호공원 1블록,84.8442,"52,300",경상북도 포항북구 양덕동
2022-06-27,힐스테이트 환호공원 1블록,84.8442,"52,400",경상북도 포항북구 양덕동
2022-06-27,힐스테이트 환호공원 2블록,84.8442,"52,300",경상북도 포항북구 양덕동
2022-06-27,힐스테이트 환호공원 2블록,84.8442,"49,960",경상북도 포항북구 양덕동
2022-06-27,힐스테이트 환호공원 2블록,84.8442,"52,300",경상북도 포항북구 양덕동
2022-06-27,힐스테이트 환호공원 2블록,59.9749,"32,610",경상북도 포항북구 양덕동
2022-06-27,힐스테이트 환호공원 2블록,101.4761,"61,960",경상북도 포항북구 양덕동
2022-06-27,힐스테이트 환호공원 2블록,101.7442,"61,670",경상북도 포항북구 양덕동
2022-06-27,힐스테이트 환호공원 2블록,59.9749,"33,160",경상북도 포항북구 양덕동
2022-06-27,힐스테이트 환호공원 2블록,84.8442,"52,300",경상북도 포항북구 양덕동
2022-06-27,힐스테이트 환호공원 2블록,84.8442,"49,940",경상북도 포항북구 양덕동
2022-06-27,힐스테이트 환호공원 2블록,84.8442,"52,300",경상북도 포항북구 양덕동
2022-06-27,힐스테이트 환호공원 2블록,207.0436,"62,060",경상북도 포항북구 양덕동
2022-06-27,힐스테이트 환호공원 2블록,84.8442,"52,300",경상북도 포항북구 양덕동
2022-06-27,힐스테이트 환호공원 2블록,84.8442,"52,300",경상북도 포항북구 양덕동
2022-06-27,힐스테이트 환호공원 2블록,101.4761,"61,960",경상북도 포항북구 양덕동
2022-06-27,힐스테이트 환호공원 2블록,84.8442,"52,300",경상북도 포항북구 양덕동
2022-06-27,힐스테이트 환호공원 2블록,84.8442,"52,300",경상북도 포항북구 양덕동
2022-06-27,힐스테이트 환호공원 2블록,84.8442,"52,300",경상북도 포항북구 양덕동
2022-06-27,힐스테이트 환호공원 2블록,84.8442,"52,300",경상북도 포항북구 양덕동
2022-06-27,힐스테이트 환호공원 2블록,84.8442,"52,300",경상북도 포항북구 양덕동
2022-06-27,힐스테이트 환호공원 2블록,101.7442,"62,650",경상북도 포항북구 양덕동
2022-06-27,힐스테이트 환호공원 2블록,84.8442,"50,720",경상북도 포항북구 양덕동
2022-06-27,힐스테이트 환호공원 2블록,84.8442,"51,530",경상북도 포항북구 양덕동
2022-06-27,힐스테이트 환호공원 2블록,84.8442,"50,690",경상북도 포항북구 양덕동
2022-06-27,힐스테이트 환호공원 2블록,101.7442,"62,700",경상북도 포항북구 양덕동
2022-06-27,힐스테이트 환호공원 2블록,101.7442,"62,600",경상북도 포항북구 양덕동
2022-06-27,힐스테이트 환호공원 2블록,59.8382,"34,250",경상북도 포항북구 양덕동
2022-06-27,힐스테이트 환호공원 2블록,84.8442,"52,400",경상북도 포항북구 양덕동
2022-06-27,힐스테이트 환호공원 2블록,59.9749,"33,650",경상북도 포항북구 양덕동
2022-06-27,힐스테이트 환호공원 2블록,59.8382,"33,690",경상북도 포항북구 양덕동
2022-06-27,힐스테이트 환호공원 2블록,101.7442,"62,600",경상북도 포항북구 양덕동
2022-06-27,힐스테이트 환호공원 2블록,84.8442,"50,690",경상북도 포항북구 양덕동
2022-06-27,포항자이 애서턴,84.9253,"51,720",경상북도 포항북구 학잠동
2022-06-27,한화 포레나 포항,109.4477,"51,590",경상북도 포항북구 흥해읍 이인리
2022-06-27,한화 포레나 포항,109.4477,"51,590",경상북도 포항북구 흥해읍 이인리
2022-06-28,힐스테이트포항,84.8786,"30,162",경상북도 포항남구 오천읍 원리
2022-06-28,힐스테이트 환호공원 1블록,59.8382,"33,760",경상북도 포항북구 양덕동
2022-06-28,힐스테이트 환호공원 1블록,101.4761,"62,060",경상북도 포항북구 양덕동
2022-06-28,힐스테이트 환호공원 1블록,84.8442,"52,300",경상북도 포항북구 양덕동
2022-06-28,힐스테이트 환호공원 1블록,84.8442,"52,300",경상북도 포항북구 양덕동
2022-06-28,힐스테이트 환호공원 1블록,101.7442,"62,600",경상북도 포항북구 양덕동
2022-06-28,힐스테이트 환호공원 1블록,101.4761,"62,060",경상북도 포항북구 양덕동
2022-06-28,힐스테이트 환호공원 1블록,101.7442,"62,700",경상북도 포항북구 양덕동
2022-06-28,힐스테이트 환호공원 1블록,101.4761,"60,110",경상북도 포항북구 양덕동
2022-06-28,힐스테이트 환호공원 1블록,101.7442,"62,900",경상북도 포항북구 양덕동
2022-06-28,힐스테이트 환호공원 1블록,84.8442,"52,300",경상북도 포항북구 양덕동
2022-06-28,힐스테이트 환호공원 1블록,84.8442,"52,270",경상북도 포항북구 양덕동
2022-06-28,힐스테이트 환호공원 2블록,59.8382,"34,250",경상북도 포항북구 양덕동
2022-06-28,힐스테이트 환호공원 2블록,101.7442,"62,650",경상북도 포항북구 양덕동
2022-06-28,힐스테이트 환호공원 2블록,59.8382,"32,720",경상북도 포항북구 양덕동
2022-06-28,힐스테이트 환호공원 2블록,84.8442,"52,300",경상북도 포항북구 양덕동
2022-06-28,힐스테이트 환호공원 2블록,84.8442,"52,300",경상북도 포항북구 양덕동
2022-06-28,힐스테이트 환호공원 2블록,59.9749,"32,610",경상북도 포항북구 양덕동
2022-06-28,힐스테이트 환호공원 2블록,84.8442,"52,300",경상북도 포항북구 양덕동
2022-06-28,힐스테이트 환호공원 2블록,101.7442,"61,670",경상북도 포항북구 양덕동
2022-06-28,힐스테이트 환호공원 2블록,101.7442,"62,600",경상북도 포항북구 양덕동
2022-06-28,힐스테이트 환호공원 2블록,101.7442,"60,750",경상북도 포항북구 양덕동
2022-06-28,힐스테이트 환호공원 2블록,84.8442,"52,300",경상북도 포항북구 양덕동
2022-06-28,힐스테이트 환호공원 2블록,101.4761,"61,960",경상북도 포항북구 양덕동
2022-06-28,힐스테이트 환호공원 2블록,101.7442,"62,700",경상북도 포항북구 양덕동
2022-06-28,힐스테이트 환호공원 2블록,101.7442,"61,770",경상북도 포항북구 양덕동
2022-06-28,힐스테이트 환호공원 2블록,101.4761,"61,960",경상북도 포항북구 양덕동
2022-06-28,힐스테이트 환호공원 2블록,101.7442,"62,600",경상북도 포항북구 양덕동
2022-06-28,힐스테이트 환호공원 2블록,101.4761,"61,030",경상북도 포항북구 양덕동
2022-06-28,힐스테이트 환호공원 2블록,84.8442,"52,300",경상북도 포항북구 양덕동
2022-06-28,힐스테이트 환호공원 2블록,59.9749,"33,600",경상북도 포항북구 양덕동
2022-06-28,흥해 서희스타힐스 더 캐슬,59.9558,"20,440",경상북도 포항북구 흥해읍 옥성리
2022-06-28,흥해 서희스타힐스 더 캐슬,59.9558,"20,440",경상북도 포항북구 흥해읍 옥성리
2022-06-29,포항 아이파크,84.5134,"34,890",경상북도 포항남구 오천읍 용산리
2022-06-29,힐스테이트포항,84.8786,"31,905",경상북도 포항남구 오천읍 원리
2022-06-29,힐스테이트포항,74.9627,"28,810",경상북도 포항남구 오천읍 원리
2022-06-29,힐스테이트 환호공원 1블록,101.7442,"62,600",경상북도 포항북구 양덕동
2022-06-29,힐스테이트 환호공원 1블록,101.4761,"61,960",경상북도 포항북구 양덕동
2022-06-29,힐스테이트 환호공원 1블록,84.8442,"50,690",경상북도 포항북구 양덕동
2022-06-29,힐스테이트 환호공원 1블록,84.8795,"52,130",경상북도 포항북구 양덕동
2022-06-29,힐스테이트 환호공원 1블록,101.7442,"62,700",경상북도 포항북구 양덕동
2022-06-29,힐스테이트 환호공원 1블록,101.7442,"62,700",경상북도 포항북구 양덕동
2022-06-29,힐스테이트 환호공원 1블록,84.8442,"52,300",경상북도 포항북구 양덕동
2022-06-29,힐스테이트 환호공원 1블록,101.4761,"61,960",경상북도 포항북구 양덕동
2022-06-29,힐스테이트 환호공원 2블록,84.8442,"52,300",경상북도 포항북구 양덕동
2022-06-29,힐스테이트 환호공원 2블록,101.7442,"62,700",경상북도 포항북구 양덕동
2022-06-29,힐스테이트 환호공원 2블록,84.8442,"51,480",경상북도 포항북구 양덕동
2022-06-29,힐스테이트 환호공원 2블록,84.8442,"51,530",경상북도 포항북구 양덕동
2022-06-29,힐스테이트 환호공원 2블록,84.8442,"52,400",경상북도 포항북구 양덕동
2022-06-29,힐스테이트 환호공원 2블록,84.8795,"52,180",경상북도 포항북구 양덕동
2022-06-29,힐스테이트 환호공원 2블록,84.8442,"49,910",경상북도 포항북구 양덕동
2022-06-29,힐스테이트 환호공원 2블록,59.8382,"33,790",경상북도 포항북구 양덕동
2022-06-29,힐스테이트 환호공원 2블록,101.4761,"62,060",경상북도 포항북구 양덕동
2022-06-29,힐스테이트 환호공원 2블록,101.4761,"61,960",경상북도 포항북구 양덕동
2022-06-29,힐스테이트 환호공원 2블록,84.8442,"51,480",경상북도 포항북구 양덕동
2022-06-29,힐스테이트 환호공원 2블록,84.8795,"52,130",경상북도 포항북구 양덕동
2022-06-29,힐스테이트 환호공원 2블록,84.8442,"51,480",경상북도 포항북구 양덕동
2022-06-29,힐스테이트 환호공원 2블록,59.8382,"34,200",경상북도 포항북구 양덕동
2022-06-29,힐스테이트 환호공원 2블록,84.8442,"50,720",경상북도 포항북구 양덕동
2022-06-29,힐스테이트 환호공원 2블록,59.8382,"34,250",경상북도 포항북구 양덕동
2022-06-29,힐스테이트 환호공원 2블록,84.8442,"52,300",경상북도 포항북구 양덕동
2022-06-29,힐스테이트 환호공원 2블록,84.8442,"49,910",경상북도 포항북구 양덕동
2022-06-29,힐스테이트 환호공원 2블록,101.7442,"61,670",경상북도 포항북구 양덕동
2022-06-29,힐스테이트 환호공원 2블록,101.7442,"62,600",경상북도 포항북구 양덕동
2022-06-29,힐스테이트 환호공원 2블록,84.8442,"50,740",경상북도 포항북구 양덕동
2022-06-29,힐스테이트 환호공원 2블록,84.8442,"51,530",경상북도 포항북구 양덕동
2022-06-29,KTX포항역 삼구 트리니엔,84.9727,"32,965",경상북도 포항북구 흥해읍 이인리
2022-06-29,한화 포레나 포항,84.8901,"34,895",경상북도 포항북구 흥해읍 이인리
2022-06-29,한화 포레나 포항,84.8901,"34,895",경상북도 포항북구 흥해읍 이인리
2022-06-29,힐스테이트 초곡,84.856,"37,584",경상북도 포항북구 흥해읍 초곡리
2022-06-29,힐스테이트 초곡,74.638,"32,894",경상북도 포항북구 흥해읍 초곡리
2022-06-29,힐스테이트 초곡,84.839,"36,300",경상북도 포항북구 흥해읍 초곡리
2022-06-30,포항 아이파크,101.6515,"46,770",경상북도 포항남구 오천읍 용산리
2022-06-30,힐스테이트포항,74.6624,"27,316",경상북도 포항남구 오천읍 원리
2022-06-30,힐스테이트포항,74.6624,"27,316",경상북도 포항남구 오천읍 원리
2022-06-30,포항 양학 신원아침도시 퀘렌시아,84.9752,"38,620",경상북도 포항북구 득량동
2022-06-30,힐스테이트 환호공원 1블록,84.8442,"52,300",경상북도 포항북구 양덕동
2022-06-30,힐스테이트 환호공원 1블록,84.8442,"52,300",경상북도 포항북구 양덕동
2022-06-30,힐스테이트 환호공원 1블록,84.8442,"52,280",경상북도 포항북구 양덕동
2022-06-30,힐스테이트 환호공원 1블록,84.8442,"51,530",경상북도 포항북구 양덕동
2022-06-30,힐스테이트 환호공원 1블록,59.8382,"34,250",경상북도 포항북구 양덕동
2022-06-30,힐스테이트 환호공원 2블록,84.8442,"52,300",경상북도 포항북구 양덕동
2022-06-30,힐스테이트 환호공원 2블록,101.7442,"62,600",경상북도 포항북구 양덕동
2022-06-30,힐스테이트 환호공원 2블록,101.7442,"62,700",경상북도 포항북구 양덕동
2022-06-30,힐스테이트 환호공원 2블록,84.8442,"52,280",경상북도 포항북구 양덕동
2022-06-30,힐스테이트 환호공원 2블록,101.7442,"62,600",경상북도 포항북구 양덕동
2022-06-30,힐스테이트 환호공원 2블록,84.8442,"50,690",경상북도 포항북구 양덕동
2022-06-30,힐스테이트 환호공원 2블록,59.9749,"33,550",경상북도 포항북구 양덕동
2022-06-30,힐스테이트 환호공원 2블록,101.7442,"61,670",경상북도 포항북구 양덕동
2022-06-30,힐스테이트 환호공원 2블록,101.4761,"61,960",경상북도 포항북구 양덕동
2022-06-30,힐스테이트 환호공원 2블록,101.7442,"62,600",경상북도 포항북구 양덕동
2022-06-30,KTX포항역 삼구 트리니엔,84.9947,"32,540",경상북도 포항북구 흥해읍 이인리
2022-06-30,KTX포항역 삼구 트리니엔,84.9947,"32,290",경상북도 포항북구 흥해읍 이인리
2022-06-30,KTX포항역 삼구 트리니엔,84.9947,"32,290",경상북도 포항북구 흥해읍 이인리
2022-06-30,KTX포항역 삼구 트리니엔,84.9947,"32,340",경상북도 포항북구 흥해읍 이인리
2022-07-01,힐스테이트 환호공원 1블록,101.4761,"62,060",경상북도 포항북구 양덕동
2022-07-01,힐스테이트 환호공원 1블록,101.4761,"61,030",경상북도 포항북구 양덕동
2022-07-01,힐스테이트 환호공원 1블록,101.7442,"62,600",경상북도 포항북구 양덕동
2022-07-01,힐스테이트 환호공원 1블록,84.8442,"51,530",경상북도 포항북구 양덕동
2022-07-01,힐스테이트 환호공원 2블록,59.8382,"33,180",경상북도 포항북구 양덕동
2022-07-01,힐스테이트 환호공원 2블록,101.7442,"61,670",경상북도 포항북구 양덕동
2022-07-01,힐스테이트 환호공원 2블록,59.9749,"33,630",경상북도 포항북구 양덕동
2022-07-01,힐스테이트 환호공원 2블록,84.8442,"50,720",경상북도 포항북구 양덕동
2022-07-01,힐스테이트 환호공원 2블록,101.7442,"62,600",경상북도 포항북구 양덕동
2022-07-01,힐스테이트 환호공원 2블록,84.8442,"49,960",경상북도 포항북구 양덕동
2022-07-01,힐스테이트 환호공원 2블록,84.8442,"51,530",경상북도 포항북구 양덕동
2022-07-01,힐스테이트 환호공원 2블록,101.4761,"61,960",경상북도 포항북구 양덕동
2022-07-01,힐스테이트 환호공원 2블록,101.7442,"62,700",경상북도 포항북구 양덕동
2022-07-01,힐스테이트 환호공원 2블록,84.8442,"52,300",경상북도 포항북구 양덕동
2022-07-01,포항자이 애서턴,125.9389,"73,899",경상북도 포항북구 학잠동
2022-07-01,KTX포항역 삼구 트리니엔,67.9916,"25,420",경상북도 포항북구 흥해읍 이인리
2022-07-01,한화 포레나 포항,84.8901,"35,660",경상북도 포항북구 흥해읍 이인리
2022-07-02,포항 양학 신원아침도시 퀘렌시아,60.6372,"26,532",경상북도 포항북구 득량동
2022-07-02,힐스테이트 환호공원 1블록,101.7442,"62,600",경상북도 포항북구 양덕동
2022-07-02,힐스테이트 환호공원 1블록,101.7442,"61,570",경상북도 포항북구 양덕동
2022-07-02,힐스테이트 환호공원 1블록,59.8382,"34,250",경상북도 포항북구 양덕동
2022-07-02,힐스테이트 환호공원 2블록,59.8382,"34,200",경상북도 포항북구 양덕동
2022-07-02,힐스테이트 환호공원 2블록,59.9749,"33,110",경상북도 포항북구 양덕동
2022-07-02,힐스테이트 환호공원 2블록,84.8442,"52,280",경상북도 포항북구 양덕동
2022-07-02,힐스테이트 환호공원 2블록,59.8382,"34,230",경상북도 포항북구 양덕동
2022-07-02,힐스테이트 환호공원 2블록,101.7442,"60,600",경상북도 포항북구 양덕동
2022-07-02,힐스테이트 환호공원 2블록,101.7442,"60,450",경상북도 포항북구 양덕동
2022-07-02,힐스테이트 환호공원 2블록,59.8382,"34,250",경상북도 포항북구 양덕동
2022-07-02,힐스테이트 환호공원 2블록,101.7442,"62,900",경상북도 포항북구 양덕동
2022-07-02,힐스테이트 환호공원 2블록,59.8382,"33,280",경상북도 포항북구 양덕동
2022-07-02,힐스테이트 환호공원 2블록,84.8442,"52,300",경상북도 포항북구 양덕동
2022-07-02,힐스테이트 환호공원 2블록,101.7442,"62,550",경상북도 포항북구 양덕동
2022-07-02,힐스테이트 환호공원 2블록,59.8382,"33,790",경상북도 포항북구 양덕동
2022-07-02,힐스테이트 환호공원 2블록,59.8382,"34,200",경상북도 포항북구 양덕동
2022-07-02,힐스테이트 환호공원 2블록,101.7442,"62,700",경상북도 포항북구 양덕동
2022-07-02,힐스테이트 환호공원 2블록,84.8442,"52,300",경상북도 포항북구 양덕동
2022-07-02,힐스테이트 환호공원 2블록,84.8442,"52,300",경상북도 포항북구 양덕동
2022-07-02,힐스테이트 환호공원 2블록,84.8442,"52,300",경상북도 포항북구 양덕동
2022-07-02,힐스테이트 환호공원 2블록,101.7442,"62,700",경상북도 포항북구 양덕동
2022-07-02,포항자이 애서턴,84.9253,"53,173",경상북도 포항북구 학잠동
2022-07-03,힐스테이트 환호공원 1블록,101.4761,"61,960",경상북도 포항북구 양덕동
2022-07-03,힐스테이트 환호공원 1블록,59.8382,"34,200",경상북도 포항북구 양덕동
2022-07-03,힐스테이트 환호공원 2블록,59.9749,"33,650",경상북도 포항북구 양덕동
2022-07-03,힐스테이트 환호공원 2블록,84.8442,"50,740",경상북도 포항북구 양덕동
2022-07-03,힐스테이트 환호공원 2블록,101.7442,"61,670",경상북도 포항북구 양덕동
2022-07-03,힐스테이트 환호공원 2블록,84.8442,"51,530",경상북도 포항북구 양덕동
2022-07-03,포항자이 애서턴,84.9253,"49,203",경상북도 포항북구 학잠동
2022-07-04,힐스테이트 환호공원 1블록,84.8442,"52,280",경상북도 포항북구 양덕동
2022-07-04,힐스테이트 환호공원 1블록,84.8442,"50,690",경상북도 포항북구 양덕동
2022-07-04,힐스테이트 환호공원 1블록,84.8795,"52,130",경상북도 포항북구 양덕동
2022-07-04,힐스테이트 환호공원 1블록,84.8442,"52,200",경상북도 포항북구 양덕동
2022-07-04,힐스테이트 환호공원 2블록,84.8442,"52,300",경상북도 포항북구 양덕동
2022-07-04,힐스테이트 환호공원 2블록,84.8442,"52,700",경상북도 포항북구 양덕동
2022-07-04,힐스테이트 환호공원 2블록,59.8382,"34,250",경상북도 포항북구 양덕동
2022-07-04,힐스테이트 환호공원 2블록,84.8442,"51,530",경상북도 포항북구 양덕동
2022-07-04,힐스테이트 환호공원 2블록,101.7442,"62,600",경상북도 포항북구 양덕동
2022-07-04,힐스테이트 환호공원 2블록,84.8442,"50,590",경상북도 포항북구 양덕동
2022-07-04,힐스테이트 환호공원 2블록,101.7442,"61,620",경상북도 포항북구 양덕동
2022-07-04,힐스테이트 환호공원 2블록,84.8442,"52,250",경상북도 포항북구 양덕동
2022-07-04,힐스테이트 환호공원 2블록,84.8442,"52,250",경상북도 포항북구 양덕동
2022-07-04,힐스테이트 환호공원 2블록,101.7442,"61,670",경상북도 포항북구 양덕동
2022-07-04,힐스테이트 환호공원 2블록,101.7442,"61,670",경상북도 포항북구 양덕동
2022-07-04,포항자이 애서턴,84.9253,"50,860",경상북도 포항북구 학잠동
2022-07-04,포항자이 애서턴,84.9253,"50,860",경상북도 포항북구 학잠동
2022-07-04,포항자이 애서턴,84.9253,"52,363",경상북도 포항북구 학잠동
2022-07-04,흥해 서희스타힐스 더 캐슬,59.9925,"19,686",경상북도 포항북구 흥해읍 옥성리
2022-07-04,KTX포항역 삼구 트리니엔,84.9947,"33,090",경상북도 포항북구 흥해읍 이인리
2022-07-04,한화 포레나 포항,84.8901,"35,000",경상북도 포항북구 흥해읍 이인리
2022-07-04,한화 포레나 포항,109.4477,"49,160",경상북도 포항북구 흥해읍 이인리
2022-07-04,힐스테이트 초곡,74.638,"32,300",경상북도 포항북구 흥해읍 초곡리
2022-07-04,힐스테이트 초곡,84.856,"36,850",경상북도 포항북구 흥해읍 초곡리
2022-07-04,힐스테이트 초곡,84.856,"36,839",경상북도 포항북구 흥해읍 초곡리
2022-07-05,힐스테이트 환호공원 1블록,84.8442,"52,280",경상북도 포항북구 양덕동
2022-07-05,힐스테이트 환호공원 1블록,84.8795,"51,980",경상북도 포항북구 양덕동
2022-07-05,힐스테이트 환호공원 1블록,84.7462,"51,460",경상북도 포항북구 양덕동
2022-07-05,힐스테이트 환호공원 1블록,101.7442,"61,670",경상북도 포항북구 양덕동
2022-07-05,힐스테이트 환호공원 2블록,84.8442,"52,300",경상북도 포항북구 양덕동
2022-07-05,힐스테이트 환호공원 2블록,84.8442,"52,300",경상북도 포항북구 양덕동
2022-07-05,힐스테이트 환호공원 2블록,84.8442,"49,860",경상북도 포항북구 양덕동
2022-07-05,힐스테이트 환호공원 2블록,59.8382,"33,130",경상북도 포항북구 양덕동
2022-07-05,힐스테이트 환호공원 2블록,84.8442,"53,500",경상북도 포항북구 양덕동
2022-07-05,힐스테이트 환호공원 2블록,84.8442,"52,300",경상북도 포항북구 양덕동
2022-07-05,힐스테이트 환호공원 2블록,101.7442,"62,500",경상북도 포항북구 양덕동
2022-07-05,힐스테이트 환호공원 2블록,84.8442,"50,540",경상북도 포항북구 양덕동
2022-07-05,KTX포항역 삼구 트리니엔,84.9947,"32,490",경상북도 포항북구 흥해읍 이인리
2022-07-05,힐스테이트 초곡,74.638,"32,500",경상북도 포항북구 흥해읍 초곡리
2022-07-06,힐스테이트 환호공원 1블록,101.4761,"61,960",경상북도 포항북구 양덕동
2022-07-06,힐스테이트 환호공원 2블록,101.7442,"62,600",경상북도 포항북구 양덕동
2022-07-06,KTX포항역 삼구 트리니엔,84.9947,"32,590",경상북도 포항북구 흥해읍 이인리
2022-07-07,힐스테이트포항,59.9785,"23,525",경상북도 포항남구 오천읍 원리
2022-07-07,삼구트리니엔 시그니처,84.9919,"48,930",경상북도 포항북구 득량동
2022-07-07,포항자이 애서턴,84.9253,"51,570",경상북도 포항북구 학잠동
2022-07-07,포항자이 애서턴,84.9253,"51,705",경상북도 포항북구 학잠동
2022-07-07,포항자이 애서턴,84.9253,"51,570",경상북도 포항북구 학잠동
2022-07-07,KTX포항역 삼구 트리니엔,84.9947,"32,290",경상북도 포항북구 흥해읍 이인리
2022-07-08,힐스테이트포항,74.8151,"25,460",경상북도 포항남구 오천읍 원리
2022-07-08,힐스테이트 환호공원 2블록,59.9749,"33,550",경상북도 포항북구 양덕동
2022-07-08,포항자이 애서턴,84.9253,"51,720",경상북도 포항북구 학잠동
2022-07-08,포항자이 애서턴,84.9253,"52,200",경상북도 포항북구 학잠동
2022-07-08,흥해 서희스타힐스 더 캐슬,84.9477,"27,530",경상북도 포항북구 흥해읍 옥성리
2022-07-08,KTX포항역 삼구 트리니엔,67.9916,"24,420",경상북도 포항북구 흥해읍 이인리
2022-07-09,포항 아이파크,84.5134,"34,200",경상북도 포항남구 오천읍 용산리
2022-07-09,힐스테이트포항,59.9785,"23,463",경상북도 포항남구 오천읍 원리
2022-07-09,힐스테이트포항,74.8151,"24,720",경상북도 포항남구 오천읍 원리
2022-07-09,포항자이 디오션,84.92,"63,700",경상북도 포항북구 항구동
2022-07-10,KTX포항역 삼구 트리니엔,84.9947,"32,790",경상북도 포항북구 흥해읍 이인리
2022-07-11,힐스테이트포항,84.8786,"29,885",경상북도 포항남구 오천읍 원리
2022-07-11,삼구트리니엔 시그니처,84.9993,"48,910",경상북도 포항북구 득량동
2022-07-11,힐스테이트 환호공원 2블록,101.4761,"61,960",경상북도 포항북구 양덕동
2022-07-11,힐스테이트 환호공원 2블록,59.8382,"34,200",경상북도 포항북구 양덕동
2022-07-11,포항자이 애서턴,84.9253,"50,502",경상북도 포항북구 학잠동
2022-07-11,포항자이 애서턴,84.9146,"52,360",경상북도 포항북구 학잠동
2022-07-11,포항자이 디오션,84.92,"63,700",경상북도 포항북구 항구동
2022-07-12,힐스테이트포항,74.8151,"25,921",경상북도 포항남구 오천읍 원리
2022-07-12,포항 양학 신원아침도시 퀘렌시아,60.64,"24,196",경상북도 포항북구 득량동
2022-07-12,힐스테이트 환호공원 2블록,59.8382,"33,950",경상북도 포항북구 양덕동
2022-07-13,포항자이 애서턴,84.9146,"52,160",경상북도 포항북구 학잠동
2022-07-13,포항자이 애서턴,84.9253,"51,475",경상북도 포항북구 학잠동
2022-07-13,포항자이 애서턴,84.9146,"52,363",경상북도 포항북구 학잠동
2022-07-13,포항자이 애서턴,125.9389,"75,930",경상북도 포항북구 학잠동
2022-07-13,포항자이 애서턴,125.9389,"75,930",경상북도 포항북구 학잠동
2022-07-13,포항자이 애서턴,84.9253,"51,475",경상북도 포항북구 학잠동
2022-07-13,흥해 서희스타힐스 더 캐슬,59.9558,"20,490",경상북도 포항북구 흥해읍 옥성리
2022-07-13,KTX포항역 삼구 트리니엔,84.9947,"32,990",경상북도 포항북구 흥해읍 이인리
2022-07-13,힐스테이트 초곡,59.76,"27,094",경상북도 포항북구 흥해읍 초곡리
2022-07-14,힐스테이트 환호공원 1블록,84.8442,"52,300",경상북도 포항북구 양덕동
2022-07-14,한화 포레나 포항,84.5162,"36,035",경상북도 포항북구 흥해읍 이인리
2022-07-15,힐스테이트포항,74.8151,"25,921",경상북도 포항남구 오천읍 원리
2022-07-15,힐스테이트포항,74.8151,"26,457",경상북도 포항남구 오천읍 원리
2022-07-15,힐스테이트포항,74.8151,"25,921",경상북도 포항남구 오천읍 원리
2022-07-15,힐스테이트포항,84.8786,"28,915",경상북도 포항남구 오천읍 원리
2022-07-15,힐스테이트 환호공원 1블록,84.8442,"52,300",경상북도 포항북구 양덕동
2022-07-15,포항자이 애서턴,101.8942,"65,524",경상북도 포항북구 학잠동
2022-07-15,포항자이 애서턴,84.9253,"52,345",경상북도 포항북구 학잠동
2022-07-15,KTX포항역 삼구 트리니엔,84.9947,"33,690",경상북도 포항북구 흥해읍 이인리
2022-07-15,KTX포항역 삼구 트리니엔,84.9947,"31,990",경상북도 포항북구 흥해읍 이인리
2022-07-15,힐스테이트 초곡,84.856,"37,500",경상북도 포항북구 흥해읍 초곡리
2022-07-15,힐스테이트 초곡,84.856,"38,324",경상북도 포항북구 흥해읍 초곡리
2022-07-16,힐스테이트 환호공원 1블록,84.8442,"52,300",경상북도 포항북구 양덕동
2022-07-16,힐스테이트 환호공원 1블록,84.8442,"52,270",경상북도 포항북구 양덕동
2022-07-16,힐스테이트 환호공원 2블록,101.4761,"61,910",경상북도 포항북구 양덕동
2022-07-16,KTX포항역 삼구 트리니엔,84.9947,"32,290",경상북도 포항북구 흥해읍 이인리
2022-07-17,포항 아이파크,84.5134,"35,720",경상북도 포항남구 오천읍 용산리
2022-07-17,KTX포항역 삼구 트리니엔,84.9947,"31,990",경상북도 포항북구 흥해읍 이인리
2022-07-18,힐스테이트포항,59.9785,"22,968",경상북도 포항남구 오천읍 원리
2022-07-18,힐스테이트포항,74.6624,"26,772",경상북도 포항남구 오천읍 원리
2022-07-18,삼구트리니엔 시그니처,84.9919,"48,910",경상북도 포항북구 득량동
2022-07-18,힐스테이트 환호공원 1블록,59.8382,"33,790",경상북도 포항북구 양덕동
2022-07-18,힐스테이트 환호공원 2블록,59.8382,"33,790",경상북도 포항북구 양덕동
2022-07-18,힐스테이트 초곡,59.941,"26,774",경상북도 포항북구 흥해읍 초곡리
2022-07-19,힐스테이트포항,74.8151,"27,415",경상북도 포항남구 오천읍 원리
2022-07-19,삼구트리니엔 시그니처,84.9993,"48,930",경상북도 포항북구 득량동
2022-07-19,삼구트리니엔 시그니처,84.9993,"48,930",경상북도 포항북구 득량동
2022-07-19,포항자이 디오션,84.97,"57,259",경상북도 포항북구 항구동
2022-07-19,흥해 서희스타힐스 더 캐슬,59.9925,"20,950",경상북도 포항북구 흥해읍 옥성리
2022-07-19,KTX포항역 삼구 트리니엔,67.9916,"24,420",경상북도 포항북구 흥해읍 이인리
2022-07-19,한화 포레나 포항,109.4477,"51,490",경상북도 포항북구 흥해읍 이인리
2022-07-19,한화 포레나 포항,59.953,"25,600",경상북도 포항북구 흥해읍 이인리
2022-07-19,한화 포레나 포항,75.999,"31,350",경상북도 포항북구 흥해읍 이인리
2022-07-19,한화 포레나 포항,59.953,"25,600",경상북도 포항북구 흥해읍 이인리
2022-07-19,한화 포레나 포항 2차,84.9151,"39,850",경상북도 포항북구 흥해읍 학천리
2022-07-20,삼구트리니엔 시그니처,84.9993,"48,830",경상북도 포항북구 득량동
2022-07-20,삼구트리니엔 시그니처,84.9993,"48,880",경상북도 포항북구 득량동
2022-07-20,힐스테이트 환호공원 1블록,101.4761,"61,900",경상북도 포항북구 양덕동
2022-07-20,힐스테이트 초곡,84.856,"36,600",경상북도 포항북구 흥해읍 초곡리
2022-07-21,힐스테이트 환호공원 1블록,101.7442,"62,600",경상북도 포항북구 양덕동
2022-07-21,힐스테이트 환호공원 2블록,101.4761,"61,960",경상북도 포항북구 양덕동
2022-07-21,힐스테이트 환호공원 2블록,101.4761,"61,960",경상북도 포항북구 양덕동
2022-07-21,KTX포항역 삼구 트리니엔,84.9947,"33,490",경상북도 포항북구 흥해읍 이인리
2022-07-22,KTX포항역 삼구 트리니엔,84.9727,"32,510",경상북도 포항북구 흥해읍 이인리
2022-07-23,포항 아이파크,84.9913,"34,034",경상북도 포항남구 오천읍 용산리
2022-07-23,포항 아이파크,84.9913,"32,990",경상북도 포항남구 오천읍 용산리
2022-07-23,힐스테이트포항,74.8151,"27,021",경상북도 포항남구 오천읍 원리
2022-07-24,힐스테이트 환호공원 2블록,101.7442,"62,400",경상북도 포항북구 양덕동
2022-07-24,KTX포항역 삼구 트리니엔,84.9947,"32,190",경상북도 포항북구 흥해읍 이인리
2022-07-24,한화 포레나 포항,84.8901,"37,616",경상북도 포항북구 흥해읍 이인리
2022-07-25,힐스테이트 환호공원 1블록,84.8442,"52,280",경상북도 포항북구 양덕동
2022-07-25,힐스테이트 환호공원 2블록,84.8442,"51,430",경상북도 포항북구 양덕동
2022-07-25,포항자이 애서턴,84.9146,"51,866",경상북도 포항북구 학잠동
2022-07-26,힐스테이트포항,84.8786,"30,333",경상북도 포항남구 오천읍 원리
2022-07-26,힐스테이트 환호공원 1블록,101.7442,"61,670",경상북도 포항북구 양덕동
2022-07-26,힐스테이트 환호공원 1블록,84.8442,"52,300",경상북도 포항북구 양덕동
2022-07-26,힐스테이트 환호공원 1블록,84.8442,"51,580",경상북도 포항북구 양덕동
2022-07-26,힐스테이트 환호공원 1블록,84.8442,"52,300",경상북도 포항북구 양덕동
2022-07-26,힐스테이트 환호공원 2블록,101.7442,"62,600",경상북도 포항북구 양덕동
2022-07-26,힐스테이트 환호공원 2블록,101.4761,"61,760",경상북도 포항북구 양덕동
2022-07-26,힐스테이트 환호공원 2블록,101.7442,"62,600",경상북도 포항북구 양덕동
2022-07-26,KTX포항역 삼구 트리니엔,84.9947,"32,590",경상북도 포항북구 흥해읍 이인리
2022-07-26,한화 포레나 포항,109.4477,"51,590",경상북도 포항북구 흥해읍 이인리
2022-07-27,포항 아이파크,84.5134,"35,600",경상북도 포항남구 오천읍 용산리
2022-07-27,힐스테이트 환호공원 2블록,84.8442,"52,300",경상북도 포항북구 양덕동
2022-07-27,힐스테이트 환호공원 2블록,84.8442,"52,300",경상북도 포항북구 양덕동
2022-07-27,KTX포항역 삼구 트리니엔,84.9947,"31,690",경상북도 포항북구 흥해읍 이인리
2022-07-27,한화 포레나 포항,84.8901,"36,100",경상북도 포항북구 흥해읍 이인리
2022-07-28,힐스테이트 환호공원 1블록,84.8442,"52,300",경상북도 포항북구 양덕동
2022-07-28,힐스테이트 환호공원 1블록,101.7442,"62,600",경상북도 포항북구 양덕동
2022-07-28,KTX포항역 삼구 트리니엔,84.9947,"32,990",경상북도 포항북구 흥해읍 이인리
2022-07-29,힐스테이트 환호공원 1블록,84.8442,"52,300",경상북도 포항북구 양덕동
2022-07-29,힐스테이트 환호공원 2블록,84.8442,"51,530",경상북도 포항북구 양덕동
2022-07-29,힐스테이트 환호공원 2블록,59.9749,"33,650",경상북도 포항북구 양덕동
2022-07-29,흥해 서희스타힐스 더 캐슬,84.9477,"28,800",경상북도 포항북구 흥해읍 옥성리
2022-07-29,KTX포항역 삼구 트리니엔,84.9727,"32,890",경상북도 포항북구 흥해읍 이인리
2022-07-29,한화 포레나 포항,84.8901,"35,680",경상북도 포항북구 흥해읍 이인리
2022-08-01,힐스테이트 환호공원 2블록,84.8442,"52,300",경상북도 포항북구 양덕동
2022-08-01,힐스테이트 환호공원 2블록,101.7442,"62,570",경상북도 포항북구 양덕동
2022-08-01,힐스테이트 환호공원 2블록,84.8442,"52,300",경상북도 포항북구 양덕동
2022-08-01,포항자이 애서턴,125.9389,"80,350",경상북도 포항북구 학잠동
2022-08-01,포항자이 애서턴,125.9389,"80,350",경상북도 포항북구 학잠동
2022-08-01,KTX포항역 삼구 트리니엔,84.9947,"32,240",경상북도 포항북구 흥해읍 이인리
2022-08-02,흥해 서희스타힐스 더 캐슬,59.9925,"20,440",경상북도 포항북구 흥해읍 옥성리
2022-08-02,한화 포레나 포항,109.4477,"50,860",경상북도 포항북구 흥해읍 이인리
2022-08-03,힐스테이트 환호공원 2블록,59.8382,"34,200",경상북도 포항북구 양덕동
2022-08-03,힐스테이트 초곡,84.856,"36,850",경상북도 포항북구 흥해읍 초곡리
2022-08-05,포항 아이파크,101.6515,"46,470",경상북도 포항남구 오천읍 용산리
2022-08-05,한화 포레나 포항,109.4477,"50,460",경상북도 포항북구 흥해읍 이인리
2022-08-06,힐스테이트 초곡,84.839,"37,470",경상북도 포항북구 흥해읍 초곡리
2022-08-08,포항 양학 신원아침도시 퀘렌시아,60.6372,"26,802",경상북도 포항북구 득량동
2022-08-08,포항자이 애서턴,84.9253,"49,040",경상북도 포항북구 학잠동
2022-08-09,힐스테이트포항,74.9627,"27,710",경상북도 포항남구 오천읍 원리
2022-08-09,포항자이 애서턴,84.9409,"48,435",경상북도 포항북구 학잠동
2022-08-09,힐스테이트 초곡,74.993,"31,700",경상북도 포항북구 흥해읍 초곡리
2022-08-10,힐스테이트포항,84.8786,"30,500",경상북도 포항남구 오천읍 원리
2022-08-10,힐스테이트 환호공원 2블록,101.7442,"62,600",경상북도 포항북구 양덕동
2022-08-10,힐스테이트 초곡,59.941,"26,796",경상북도 포항북구 흥해읍 초곡리
2022-08-11,남포항 태왕아너스,84.8442,"34,130",경상북도 포항남구 오천읍 문덕리
2022-08-11,포항 아이파크,84.5134,"35,300",경상북도 포항남구 오천읍 용산리
2022-08-11,힐스테이트 환호공원 2블록,101.7442,"62,400",경상북도 포항북구 양덕동
2022-08-11,한화 포레나 포항,84.8901,"35,500",경상북도 포항북구 흥해읍 이인리
2022-08-11,한화 포레나 포항,84.8901,"35,500",경상북도 포항북구 흥해읍 이인리
2022-08-12,남포항 태왕아너스,69.6684,"29,680",경상북도 포항남구 오천읍 문덕리
2022-08-12,남포항 태왕아너스,69.6684,"29,200",경상북도 포항남구 오천읍 문덕리
2022-08-13,힐스테이트포항,74.8151,"27,816",경상북도 포항남구 오천읍 원리
2022-08-13,힐스테이트포항,59.9785,"22,589",경상북도 포항남구 오천읍 원리
2022-08-13,KTX포항역 삼구 트리니엔,84.9947,"31,690",경상북도 포항북구 흥해읍 이인리
2022-08-13,한화 포레나 포항,109.4477,"50,360",경상북도 포항북구 흥해읍 이인리
2022-08-16,한화 포레나 포항,84.8901,"35,760",경상북도 포항북구 흥해읍 이인리
2022-08-16,힐스테이트 초곡,59.76,"26,000",경상북도 포항북구 흥해읍 초곡리
2022-08-17,힐스테이트 환호공원 2블록,84.8442,"52,280",경상북도 포항북구 양덕동
2022-08-17,포항자이 애서턴,84.9146,"49,160",경상북도 포항북구 학잠동
2022-08-17,힐스테이트 초곡,84.856,"38,400",경상북도 포항북구 흥해읍 초곡리
2022-08-20,KTX포항역 삼구 트리니엔,84.9947,"31,390",경상북도 포항북구 흥해읍 이인리
2022-08-22,삼구트리니엔 시그니처,84.9993,"50,230",경상북도 포항북구 득량동
2022-08-22,흥해 서희스타힐스 더 캐슬,59.9874,"18,766",경상북도 포항북구 흥해읍 옥성리
2022-08-22,KTX포항역 삼구 트리니엔,59.9951,"25,050",경상북도 포항북구 흥해읍 이인리
2022-08-22,한화 포레나 포항,75.999,"31,310",경상북도 포항북구 흥해읍 이인리
2022-08-23,힐스테이트 환호공원 2블록,84.8442,"52,300",경상북도 포항북구 양덕동
2022-08-23,KTX포항역 삼구 트리니엔,84.9947,"31,690",경상북도 포항북구 흥해읍 이인리
2022-08-24,힐스테이트포항,74.6624,"25,199",경상북도 포항남구 오천읍 원리
2022-08-24,힐스테이트포항,84.8786,"29,507",경상북도 포항남구 오천읍 원리
2022-08-24,흥해 서희스타힐스 더 캐슬,74.9751,"24,430",경상북도 포항북구 흥해읍 옥성리
2022-08-25,힐스테이트포항,74.8151,"27,411",경상북도 포항남구 오천읍 원리
2022-08-25,한화 포레나 포항,75.999,"31,650",경상북도 포항북구 흥해읍 이인리
2022-08-25,힐스테이트 초곡,84.839,"37,170",경상북도 포항북구 흥해읍 초곡리
2022-08-27,힐스테이트 환호공원 1블록,101.4761,"62,060",경상북도 포항북구 양덕동
2022-08-30,힐스테이트포항,74.8151,"27,521",경상북도 포항남구 오천읍 원리
2022-08-31,힐스테이트포항,84.8786,"30,401",경상북도 포항남구 오천읍 원리
2022-08-31,한화 포레나 포항,84.8901,"35,930",경상북도 포항북구 흥해읍 이인리