계약일,단지명,전용면적,거래금액(만원),층,시군구
2022-08-11,남포항 태왕아너스,84.84,34130,13,경상북도 포항남구 오천읍 문덕리
2022-08-12,남포항 태왕아너스,69.67,29200,9,경상북도 포항남구 오천읍 문덕리
2022-08-12,남포항 태왕아너스,69.67,29680,9,경상북도 포항남구 오천읍 문덕리
2022-11-01,남포항 태왕아너스,69.67,29200,13,경상북도 포항북구 오천읍 문덕리
2022-11-01,남포항 태왕아너스,84.84,34130,11,경상북도 포항남구 오천읍 문덕리
2022-01-03,포항 아이파크,84.51,35600,11,경상북도 포항남구 오천읍 용산리
2022-01-03,포항 아이파크,101.65,46870,17,경상북도 포항남구 오천읍 용산리
2022-01-03,포항 아이파크,84.51,35500,19,경상북도 포항남구 오천읍 용산리
2022-01-04,포항 아이파크,84.51,35600,19,경상북도 포항남구 오천읍 용산리
2022-01-04,포항 아이파크,75.91,32140,16,경상북도 포항남구 오천읍 용산리
2022-01-05,포항 아이파크,75.91,31990,10,경상북도 포항남구 오천읍 용산리
2022-01-05,포항 아이파크,84.51,35600,22,경상북도 포항남구 오천읍 용산리
2022-01-06,포항 아이파크,84.51,35550,19,경상북도 포항남구 오천읍 용산리
2022-01-08,포항 아이파크,84.51,35300,24,경상북도 포항남구 오천읍 용산리
2022-01-08,포항 아이파크,84.51,35600,25,경상북도 포항남구 오천읍 용산리
2022-01-08,포항 아이파크,84.51,35600,28,경상북도 포항남구 오천읍 용산리
2022-01-10,포항 아이파크,101.65,46790,19,경상북도 포항남구 오천읍 용산리
2022-01-10,포항 아이파크,101.65,46340,9,경상북도 포항남구 오천읍 용산리
2022-01-11,포항 아이파크,84.51,34640,2,경상북도 포항남구 오천읍 용산리
2022-01-12,포항 아이파크,84.51,35550,24,경상북도 포항남구 오천읍 용산리
2022-01-12,포항 아이파크,84.51,35600,15,경상북도 포항남구 오천읍 용산리
2022-01-13,포항 아이파크,84.51,35470,7,경상북도 포항남구 오천읍 용산리
2022-01-13,포항 아이파크,75.91,31990,25,경상북도 포항남구 오천읍 용산리
2022-01-13,포항 아이파크,84.51,35700,19,경상북도 포항남구 오천읍 용산리
2022-01-13,포항 아이파크,84.51,35600,26,경상북도 포항남구 오천읍 용산리
2022-01-14,포항 아이파크,75.91,31790,6,경상북도 포항남구 오천읍 용산리
2022-01-14,포항 아이파크,84.51,35600,17,경상북도 포항남구 오천읍 용산리
2022-01-15,포항 아이파크,84.51,35600,22,경상북도 포항남구 오천읍 용산리
2022-01-16,포항 아이파크,84.51,35600,24,경상북도 포항남구 오천읍 용산리
2022-01-20,포항 아이파크,84.51,35350,13,경상북도 포항남구 오천읍 용산리
2022-01-21,포항 아이파크,84.51,35600,23,경상북도 포항남구 오천읍 용산리
2022-01-21,포항 아이파크,84.51,35600,13,경상북도 포항남구 오천읍 용산리
2022-01-23,포항 아이파크,84.51,35600,22,경상북도 포항남구 오천읍 용산리
2022-01-24,포항 아이파크,84.51,35600,23,경상북도 포항남구 오천읍 용산리
2022-01-25,포항 아이파크,84.51,35600,11,경상북도 포항남구 오천읍 용산리
2022-01-25,포항 아이파크,84.51,35600,18,경상북도 포항남구 오천읍 용산리
2022-02-07,포항 아이파크,84.51,35470,8,경상북도 포항남구 오천읍 용산리
2022-02-07,포항 아이파크,84.51,35700,12,경상북도 포항남구 오천읍 용산리
2022-02-08,포항 아이파크,84.51,35170,5,경상북도 포항남구 오천읍 용산리
2022-02-08,포항 아이파크,101.65,46770,17,경상북도 포항남구 오천읍 용산리
2022-02-08,포항 아이파크,101.65,46770,12,경상북도 포항남구 오천읍 용산리
2022-02-12,포항 아이파크,84.51,35300,15,경상북도 포항남구 오천읍 용산리
2022-02-18,포항 아이파크,84.51,35300,22,경상북도 포항남구 오천읍 용산리
2022-02-18,포항 아이파크,84.51,35600,17,경상북도 포항남구 오천읍 용산리
2022-02-18,포항 아이파크,84.51,35600,26,경상북도 포항남구 오천읍 용산리
2022-02-19,포항 아이파크,101.65,45920,3,경상북도 포항남구 오천읍 용산리
2022-02-21,포항 아이파크,101.65,46920,12,경상북도 포항남구 오천읍 용산리
2022-02-21,포항 아이파크,84.51,35700,28,경상북도 포항남구 오천읍 용산리
2022-02-21,포항 아이파크,101.65,46770,22,경상북도 포항남구 오천읍 용산리
2022-02-21,포항 아이파크,101.65,46870,12,경상북도 포항남구 오천읍 용산리
2022-02-21,포항 아이파크,84.51,35600,19,경상북도 포항남구 오천읍 용산리
2022-02-22,포항 아이파크,84.51,35600,29,경상북도 포항남구 오천읍 용산리
2022-02-22,포항 아이파크,84.51,35470,21,경상북도 포항남구 오천읍 용산리
2022-02-22,포항 아이파크,101.65,46820,26,경상북도 포항남구 오천읍 용산리
2022-02-22,포항 아이파크,101.65,46970,21,경상북도 포항남구 오천읍 용산리
2022-02-22,포항 아이파크,84.51,35650,14,경상북도 포항남구 오천읍 용산리
2022-02-23,포항 아이파크,101.65,46870,11,경상북도 포항남구 오천읍 용산리
2022-02-23,포항 아이파크,101.65,46970,20,경상북도 포항남구 오천읍 용산리
2022-03-07,포항 아이파크,84.51,35600,27,경상북도 포항남구 오천읍 용산리
2022-03-09,포항 아이파크,101.65,46290,19,경상북도 포항남구 오천읍 용산리
2022-03-09,포항 아이파크,84.51,35300,28,경상북도 포항남구 오천읍 용산리
2022-03-10,포항 아이파크,84.51,35470,6,경상북도 포항남구 오천읍 용산리
2022-03-10,포항 아이파크,84.51,35700,11,경상북도 포항남구 오천읍 용산리
2022-03-11,포항 아이파크,84.51,35850,20,경상북도 포항남구 오천읍 용산리
2022-03-14,포항 아이파크,84.51,35370,5,경상북도 포항남구 오천읍 용산리
2022-03-15,포항 아이파크,84.51,35600,29,경상북도 포항남구 오천읍 용산리
2022-03-15,포항 아이파크,84.51,34700,17,경상북도 포항남구 오천읍 용산리
2022-03-19,포항 아이파크,84.99,34990,18,경상북도 포항남구 오천읍 용산리
2022-03-19,포항 아이파크,101.65,46770,19,경상북도 포항남구 오천읍 용산리
2022-03-21,포항 아이파크,101.65,46770,16,경상북도 포항남구 오천읍 용산리
2022-03-21,포항 아이파크,84.51,35500,17,경상북도 포항남구 오천읍 용산리
2022-03-22,포항 아이파크,84.51,35600,23,경상북도 포항남구 오천읍 용산리
2022-03-23,포항 아이파크,84.51,35300,22,경상북도 포항남구 오천읍 용산리
2022-03-25,포항 아이파크,84.51,35700,21,경상북도 포항남구 오천읍 용산리
2022-03-25,포항 아이파크,84.99,34970,8,경상북도 포항남구 오천읍 용산리
2022-03-25,포항 아이파크,84.51,35200,22,경상북도 포항남구 오천읍 용산리
2022-03-29,포항 아이파크,84.51,35500,15,경상북도 포항남구 오천읍 용산리
2022-04-01,포항 아이파크,84.51,35650,23,경상북도 포항남구 오천읍 용산리
2022-04-01,포항 아이파크,84.51,35550,22,경상북도 포항남구 오천읍 용산리
2022-04-08,포항 아이파크,84.51,35600,21,경상북도 포항남구 오천읍 용산리
2022-04-08,포항 아이파크,84.51,35600,15,경상북도 포항남구 오천읍 용산리
2022-04-11,포항 아이파크,84.51,35900,20,경상북도 포항남구 오천읍 용산리
2022-04-11,포항 아이파크,84.51,35600,24,경상북도 포항남구 오천읍 용산리
2022-04-12,포항 아이파크,101.65,46770,15,경상북도 포항남구 오천읍 용산리
2022-04-13,포항 아이파크,84.51,35700,19,경상북도 포항남구 오천읍 용산리
2022-04-14,포항 아이파크,84.51,35700,12,경상북도 포항남구 오천읍 용산리
2022-04-15,포항 아이파크,84.51,35600,15,경상북도 포항남구 오천읍 용산리
2022-04-15,포항 아이파크,84.51,36000,26,경상북도 포항남구 오천읍 용산리
2022-04-15,포항 아이파크,84.51,36100,15,경상북도 포항남구 오천읍 용산리
2022-04-15,포항 아이파크,84.51,35550,27,경상북도 포항남구 오천읍 용산리
2022-04-16,포항 아이파크,75.91,31790,8,경상북도 포항남구 오천읍 용산리
2022-04-18,포항 아이파크,84.51,35600,28,경상북도 포항남구 오천읍 용산리
2022-04-18,포항 아이파크,84.51,35550,28,경상북도 포항남구 오천읍 용산리
2022-04-18,포항 아이파크,84.51,35450,23,경상북도 포항남구 오천읍 용산리
2022-04-18,포항 아이파크,84.51,35550,24,경상북도 포항남구 오천읍 용산리
2022-04-19,포항 아이파크,84.51,35670,7,경상북도 포항남구 오천읍 용산리
2022-04-19,포항 아이파크,84.51,35900,14,경상북도 포항남구 오천읍 용산리
2022-04-19,포항 아이파크,84.51,35300,25,경상북도 포항남구 오천읍 용산리
2022-04-19,포항 아이파크,84.51,35800,7,경상북도 포항남구 오천읍 용산리
2022-04-19,포항 아이파크,84.51,35850,20,경상북도 포항남구 오천읍 용산리
2022-04-22,포항 아이파크,75.91,31990,10,경상북도 포항남구 오천읍 용산리
2022-04-24,포항 아이파크,84.51,35800,18,경상북도 포항남구 오천읍 용산리
2022-04-25,포항 아이파크,84.51,35700,23,경상북도 포항남구 오천읍 용산리
2022-04-27,포항 아이파크,101.65,46340,5,경상북도 포항남구 오천읍 용산리
2022-04-27,포항 아이파크,84.51,35300,28,경상북도 포항남구 오천읍 용산리
2022-04-28,포항 아이파크,84.51,35100,23,경상북도 포항남구 오천읍 용산리
2022-04-29,포항 아이파크,84.51,35420,7,경상북도 포항남구 오천읍 용산리
2022-04-29,포항 아이파크,84.51,35600,25,경상북도 포항남구 오천읍 용산리
2022-05-21,포항 아이파크,84.51,35300,10,경상북도 포항남구 오천읍 용산리
2022-06-02,포항 아이파크,84.51,35600,12,경상북도 포항남구 오천읍 용산리
2022-06-03,포항 아이파크,101.65,46720,20,경상북도 포항남구 오천읍 용산리
2022-06-10,포항 아이파크,84.51,35550,21,경상북도 포항남구 오천읍 용산리
2022-06-11,포항 아이파크,84.51,35300,17,경상북도 포항남구 오천읍 용산리
2022-06-13,포항 아이파크,84.51,34550,21,경상북도 포항남구 오천읍 용산리
2022-06-26,포항 아이파크,84.99,34990,22,경상북도 포항남구 오천읍 용산리
2022-06-27,포항 아이파크,84.99,32990,16,경상북도 포항남구 오천읍 용산리
2022-06-29,포항 아이파크,84.51,34890,2,경상북도 포항남구 오천읍 용산리
2022-06-30,포항 아이파크,101.65,46770,23,경상북도 포항남구 오천읍 용산리
2022-07-09,포항 아이파크,84.51,34200,16,경상북도 포항남구 오천읍 용산리
2022-07-17,포항 아이파크,84.51,35720,17,경상북도 포항남구 오천읍 용산리
2022-07-23,포항 아이파크,84.99,32990,22,경상북도 포항남구 오천읍 용산리
2022-07-23,포항 아이파크,84.99,34034,22,경상북도 포항남구 오천읍 용산리
2022-07-27,포항 아이파크,84.51,35600,13,경상북도 포항남구 오천읍 용산리
2022-08-05,포항 아이파크,101.65,46470,13,경상북도 포항남구 오천읍 용산리
2022-08-11,포항 아이파크,84.51,35300,24,경상북도 포항남구 오천읍 용산리
2022-09-14,포항 아이파크,84.51,36445,23,경상북도 포항남구 오천읍 용산리
2022-09-28,포항 아이파크,84.51,35300,24,경상북도 포항남구 오천읍 용산리
2022-10-08,포항 아이파크,84.51,35300,22,경상북도 포항남구 오천읍 용산리
2022-10-09,포항 아이파크,84.51,35785,2,경상북도 포항남구 오천읍 용산리
2022-10-11,포항 아이파크,75.91,31990,26,경상북도 포항남구 오천읍 용산리
2022-11-14,포항 아이파크,84.51,32170,8,경상북도 포항북구 오천읍 용산리
2023-01-02,포항 아이파크,84.51,35851,24,경상북도 포항북구 오천읍 용산리
2023-01-06,포항 아이파크,84.99,34640,5,경상북도 포항북구 오천읍 용산리
2023-01-11,포항 아이파크,101.65,46470,12,경상북도 포항북구 오천읍 용산리
2023-01-26,포항 아이파크,84.51,33851,20,경상북도 포항북구 오천읍 용산리
2023-02-13,포항 아이파크,84.51,33121,23,경상북도 포항북구 오천읍 용산리
2023-02-15,포항 아이파크,84.51,36562,11,경상북도 포항북구 오천읍 용산리
2023-02-28,포항 아이파크,84.51,31900,12,경상북도 포항북구 오천읍 용산리
2023-03-27,포항 아이파크,84.98,34960,21,경상북도 포항북구 오천읍 용산리
2023-03-30,포항 아이파크,84.51,31770,7,경상북도 포항북구 오천읍 용산리
2023-03-30,포항 아이파크,84.51,31900,10,경상북도 포항북구 오천읍 용산리
2023-04-12,포항 아이파크,84.51,31670,6,경상북도 포항북구 오천읍 용산리
2023-04-12,포항 아이파크,75.91,31990,29,경상북도 포항북구 오천읍 용산리
2023-04-12,포항 아이파크,84.51,35300,15,경상북도 포항북구 오천읍 용산리
2022-01-04,힐스테이트포항,74.82,27611,11,경상북도 포항남구 오천읍 원리
2022-01-05,힐스테이트포항,84.88,30562,5,경상북도 포항남구 오천읍 원리
2022-01-08,힐스테이트포항,74.82,28711,11,경상북도 포항남구 오천읍 원리
2022-01-12,힐스테이트포항,84.88,31430,9,경상북도 포항남구 오천읍 원리
2022-01-14,힐스테이트포항,59.98,21430,8,경상북도 포항남구 오천읍 원리
2022-01-17,힐스테이트포항,74.82,28038,15,경상북도 포항남구 오천읍 원리
2022-01-17,힐스테이트포항,74.82,27391,15,경상북도 포항남구 오천읍 원리
2022-01-17,힐스테이트포항,74.66,27276,17,경상북도 포항남구 오천읍 원리
2022-01-19,힐스테이트포항,84.96,29499,9,경상북도 포항남구 오천읍 원리
2022-01-19,힐스테이트포항,74.66,27246,15,경상북도 포항남구 오천읍 원리
2022-01-23,힐스테이트포항,74.82,26091,15,경상북도 포항남구 오천읍 원리
2022-02-17,힐스테이트포항,59.98,21725,8,경상북도 포항남구 오천읍 원리
2022-02-18,힐스테이트포항,59.98,21725,8,경상북도 포항남구 오천읍 원리
2022-02-21,힐스테이트포항,84.88,30833,11,경상북도 포항남구 오천읍 원리
2022-02-21,힐스테이트포항,74.96,28024,16,경상북도 포항남구 오천읍 원리
2022-02-22,힐스테이트포항,84.88,30833,13,경상북도 포항남구 오천읍 원리
2022-02-26,힐스테이트포항,74.82,26621,7,경상북도 포항남구 오천읍 원리
2022-02-28,힐스테이트포항,84.96,29239,6,경상북도 포항남구 오천읍 원리
2022-03-12,힐스테이트포항,84.88,30477,3,경상북도 포항남구 오천읍 원리
2022-03-14,힐스테이트포항,84.88,29499,4,경상북도 포항남구 오천읍 원리
2022-03-16,힐스테이트포항,74.82,27391,16,경상북도 포항남구 오천읍 원리
2022-03-17,힐스테이트포항,59.98,22919,16,경상북도 포항남구 오천읍 원리
2022-03-17,힐스테이트포항,74.82,27553,7,경상북도 포항남구 오천읍 원리
2022-03-18,힐스테이트포항,84.88,30430,7,경상북도 포항남구 오천읍 원리
2022-03-18,힐스테이트포항,59.98,21725,9,경상북도 포항남구 오천읍 원리
2022-03-20,힐스테이트포항,74.82,27341,16,경상북도 포항남구 오천읍 원리
2022-03-20,힐스테이트포항,59.98,22749,11,경상북도 포항남구 오천읍 원리
2022-03-22,힐스테이트포항,59.98,21234,2,경상북도 포항남구 오천읍 원리
2022-03-22,힐스테이트포항,74.82,26257,3,경상북도 포항남구 오천읍 원리
2022-03-23,힐스테이트포항,84.88,28619,4,경상북도 포항남구 오천읍 원리
2022-03-23,힐스테이트포항,84.96,29539,9,경상북도 포항남구 오천읍 원리
2022-03-24,힐스테이트포항,74.82,27025,5,경상북도 포항남구 오천읍 원리
2022-03-25,힐스테이트포항,84.88,28415,2,경상북도 포항남구 오천읍 원리
2022-03-30,힐스테이트포항,84.88,31261,16,경상북도 포항남구 오천읍 원리
2022-04-04,힐스테이트포항,59.98,22721,6,경상북도 포항남구 오천읍 원리
2022-04-06,힐스테이트포항,74.82,26031,5,경상북도 포항남구 오천읍 원리
2022-04-06,힐스테이트포항,74.82,25187,2,경상북도 포항남구 오천읍 원리
2022-04-08,힐스테이트포항,74.82,27411,11,경상북도 포항남구 오천읍 원리
2022-04-08,힐스테이트포항,84.88,29099,4,경상북도 포항남구 오천읍 원리
2022-04-09,힐스테이트포항,74.82,26601,7,경상북도 포항남구 오천읍 원리
2022-04-10,힐스테이트포항,74.82,26657,9,경상북도 포항남구 오천읍 원리
2022-04-13,힐스테이트포항,74.82,27291,15,경상북도 포항남구 오천읍 원리
2022-04-15,힐스테이트포항,59.98,22221,7,경상북도 포항남구 오천읍 원리
2022-04-15,힐스테이트포항,74.82,26140,5,경상북도 포항남구 오천읍 원리
2022-04-29,힐스테이트포항,59.98,22721,6,경상북도 포항남구 오천읍 원리
2022-05-02,힐스테이트포항,84.88,30822,16,경상북도 포항남구 오천읍 원리
2022-05-04,힐스테이트포항,84.88,30872,15,경상북도 포항남구 오천읍 원리
2022-05-05,힐스테이트포항,74.82,28348,15,경상북도 포항남구 오천읍 원리
2022-05-05,힐스테이트포항,74.82,26992,17,경상북도 포항남구 오천읍 원리
2022-05-06,힐스테이트포항,59.98,21547,4,경상북도 포항남구 오천읍 원리
2022-05-16,힐스테이트포항,74.82,26061,3,경상북도 포항남구 오천읍 원리
2022-05-16,힐스테이트포항,84.88,30572,17,경상북도 포항남구 오천읍 원리
2022-05-16,힐스테이트포항,74.82,26051,2,경상북도 포항남구 오천읍 원리
2022-05-23,힐스테이트포항,74.82,27391,16,경상북도 포항남구 오천읍 원리
2022-05-25,힐스테이트포항,84.88,29265,2,경상북도 포항남구 오천읍 원리
2022-05-28,힐스테이트포항,74.82,25480,3,경상북도 포항남구 오천읍 원리
2022-06-02,힐스테이트포항,59.98,23239,15,경상북도 포항남구 오천읍 원리
2022-06-04,힐스테이트포항,59.98,23595,6,경상북도 포항남구 오천읍 원리
2022-06-07,힐스테이트포항,59.98,22637,15,경상북도 포항남구 오천읍 원리
2022-06-07,힐스테이트포항,59.98,20419,11,경상북도 포항남구 오천읍 원리
2022-06-08,힐스테이트포항,74.82,27091,17,경상북도 포항남구 오천읍 원리
2022-06-10,힐스테이트포항,74.82,26757,7,경상북도 포항남구 오천읍 원리
2022-06-14,힐스테이트포항,74.96,27447,7,경상북도 포항남구 오천읍 원리
2022-06-16,힐스테이트포항,74.82,27111,11,경상북도 포항남구 오천읍 원리
2022-06-17,힐스테이트포항,74.66,27041,13,경상북도 포항남구 오천읍 원리
2022-06-17,힐스테이트포항,84.88,30432,5,경상북도 포항남구 오천읍 원리
2022-06-20,힐스테이트포항,59.98,21453,3,경상북도 포항남구 오천읍 원리
2022-06-21,힐스테이트포항,84.88,30769,12,경상북도 포항남구 오천읍 원리
2022-06-21,힐스테이트포항,59.98,22869,14,경상북도 포항남구 오천읍 원리
2022-06-22,힐스테이트포항,84.96,28739,7,경상북도 포항남구 오천읍 원리
2022-06-22,힐스테이트포항,74.96,27710,15,경상북도 포항남구 오천읍 원리
2022-06-27,힐스테이트포항,84.88,32068,17,경상북도 포항남구 오천읍 원리
2022-06-28,힐스테이트포항,84.88,30162,5,경상북도 포항남구 오천읍 원리
2022-06-29,힐스테이트포항,84.88,31905,16,경상북도 포항남구 오천읍 원리
2022-06-29,힐스테이트포항,74.96,28810,15,경상북도 포항남구 오천읍 원리
2022-06-30,힐스테이트포항,74.66,27316,13,경상북도 포항남구 오천읍 원리
2022-07-07,힐스테이트포항,59.98,23525,10,경상북도 포항남구 오천읍 원리
2022-07-08,힐스테이트포항,74.82,25460,3,경상북도 포항남구 오천읍 원리
2022-07-09,힐스테이트포항,74.82,24720,1,경상북도 포항남구 오천읍 원리
2022-07-09,힐스테이트포항,59.98,23463,14,경상북도 포항남구 오천읍 원리
2022-07-11,힐스테이트포항,84.88,29885,2,경상북도 포항남구 오천읍 원리
2022-07-12,힐스테이트포항,74.82,25921,4,경상북도 포항남구 오천읍 원리
2022-07-15,힐스테이트포항,84.88,28915,2,경상북도 포항남구 오천읍 원리
2022-07-15,힐스테이트포항,74.82,26457,9,경상북도 포항남구 오천읍 원리
2022-07-15,힐스테이트포항,74.82,25921,4,경상북도 포항남구 오천읍 원리
2022-07-18,힐스테이트포항,74.66,26772,16,경상북도 포항남구 오천읍 원리
2022-07-18,힐스테이트포항,59.98,22968,8,경상북도 포항남구 오천읍 원리
2022-07-19,힐스테이트포항,74.82,27415,6,경상북도 포항남구 오천읍 원리
2022-07-23,힐스테이트포항,74.82,27021,9,경상북도 포항남구 오천읍 원리
2022-07-26,힐스테이트포항,84.88,30333,13,경상북도 포항남구 오천읍 원리
2022-08-09,힐스테이트포항,74.96,27710,15,경상북도 포항남구 오천읍 원리
2022-08-10,힐스테이트포항,84.88,30500,8,경상북도 포항남구 오천읍 원리
2022-08-13,힐스테이트포항,74.82,27816,17,경상북도 포항남구 오천읍 원리
2022-08-13,힐스테이트포항,59.98,22589,11,경상북도 포항남구 오천읍 원리
2022-08-18,힐스테이트포항,74.96,28810,15,경상북도 포항남구 오천읍 원리
2022-08-24,힐스테이트포항,74.66,25199,4,경상북도 포항남구 오천읍 원리
2022-08-24,힐스테이트포항,84.88,29507,3,경상북도 포항남구 오천읍 원리
2022-08-25,힐스테이트포항,74.82,27672,16,경상북도 포항남구 오천읍 원리
2022-08-25,힐스테이트포항,74.82,27411,10,경상북도 포항남구 오천읍 원리
2022-08-25,힐스테이트포항,74.82,27261,10,경상북도 포항남구 오천읍 원리
2022-08-30,힐스테이트포항,74.82,27521,8,경상북도 포항남구 오천읍 원리
2022-08-31,힐스테이트포항,84.88,30401,16,경상북도 포항남구 오천읍 원리
2022-09-05,힐스테이트포항,84.88,29407,3,경상북도 포항남구 오천읍 원리
2022-09-05,힐스테이트포항,59.98,21373,4,경상북도 포항남구 오천읍 원리
2022-09-19,힐스테이트포항,74.82,26615,6,경상북도 포항남구 오천읍 원리
2022-09-23,힐스테이트포항,74.82,26279,1,경상북도 포항남구 오천읍 원리
2022-09-26,힐스테이트포항,74.82,26521,6,경상북도 포항남구 오천읍 원리
2022-09-26,힐스테이트포항,59.98,22721,6,경상북도 포항남구 오천읍 원리
2022-09-26,힐스테이트포항,74.82,26772,16,경상북도 포항남구 오천읍 원리
2022-09-27,힐스테이트포항,74.82,25110,3,경상북도 포항남구 오천읍 원리
2022-10-04,힐스테이트포항,74.82,26091,16,경상북도 포항남구 오천읍 원리
2022-10-04,힐스테이트포항,84.88,30572,14,경상북도 포항남구 오천읍 원리
2022-10-05,힐스테이트포항,74.82,26225,5,경상북도 포항남구 오천읍 원리
2022-10-19,힐스테이트포항,74.82,27472,17,경상북도 포항남구 오천읍 원리
2022-10-21,힐스테이트포항,59.98,21313,4,경상북도 포항남구 오천읍 원리
2022-10-24,힐스테이트포항,74.82,26771,6,경상북도 포항남구 오천읍 원리
2022-10-25,힐스테이트포항,74.82,23050,2,경상북도 포항남구 오천읍 원리
2022-10-26,힐스테이트포항,74.82,25371,4,경상북도 포항남구 오천읍 원리
2022-11-24,힐스테이트포항,59.98,22241,16,경상북도 포항남구 오천읍 원리
2022-11-29,힐스테이트포항,59.98,21036,3,경상북도 포항남구 오천읍 원리
2022-12-05,힐스테이트포항,84.88,31616,14,경상북도 포항남구 오천읍 원리
2022-12-07,힐스테이트포항,74.82,22610,3,경상북도 포항남구 오천읍 원리
2022-12-08,힐스테이트포항,74.82,23921,12,경상북도 포항남구 오천읍 원리
2022-12-09,힐스테이트포항,74.82,24631,5,경상북도 포항남구 오천읍 원리
2022-12-09,힐스테이트포항,74.82,26972,16,경상북도 포항남구 오천읍 원리
2023-01-17,힐스테이트포항,84.96,30006,12,경상북도 포항남구 오천읍 원리
2023-01-17,힐스테이트포항,59.98,21034,2,경상북도 포항남구 오천읍 원리
2023-01-19,힐스테이트포항,59.98,21725,8,경상북도 포항남구 오천읍 원리
2023-01-20,힐스테이트포항,84.88,28999,4,경상북도 포항남구 오천읍 원리
2023-01-24,힐스테이트포항,74.81,26494,6,경상북도 포항남구 오천읍 원리
2023-01-11,힐스테이트포항,84.88,31931,14,경상북도 포항남구 오천읍 원리
2023-01-31,힐스테이트포항,59.98,19434,2,경상북도 포항남구 오천읍 원리
2023-02-01,힐스테이트포항,74.67,23538,6,경상북도 포항남구 오천읍 원리
2023-02-01,힐스테이트포항,74.82,25604,8,경상북도 포항남구 오천읍 원리
2023-02-01,힐스테이트포항,59.98,20611,5,경상북도 포항남구 오천읍 원리
2023-02-01,힐스테이트포항,84.88,28769,1,경상북도 포항남구 오천읍 원리
2023-02-01,힐스테이트포항,74.82,25411,12,경상북도 포항남구 오천읍 원리
2023-02-01,힐스테이트포항,74.82,25771,4,경상북도 포항남구 오천읍 원리
2023-02-13,힐스테이트포항,74.66,26477,8,경상북도 포항남구 오천읍 원리
2023-02-14,힐스테이트포항,74.66,26615,6,경상북도 포항남구 오천읍 원리
2023-02-14,힐스테이트포항,84.88,30630,7,경상북도 포항남구 오천읍 원리
2023-02-15,힐스테이트포항,59.98,20025,1,경상북도 포항남구 오천읍 원리
2023-02-23,힐스테이트포항,84.88,30833,10,경상북도 포항남구 오천읍 원리
2023-02-27,힐스테이트포항,74.82,24450,2,경상북도 포항남구 오천읍 원리
2023-02-27,힐스테이트포항,74.82,25110,3,경상북도 포항남구 오천읍 원리
2023-03-01,힐스테이트포항,59.98,19610,9,경상북도 포항남구 오천읍 원리
2023-03-01,힐스테이트포항,84.88,25769,1,경상북도 포항남구 오천읍 원리
2023-03-01,힐스테이트포항,84.88,30333,10,경상북도 포항남구 오천읍 원리
2023-03-02,힐스테이트포항,74.82,24571,4,경상북도 포항남구 오천읍 원리
2023-03-03,힐스테이트포항,74.96,27724,14,경상북도 포항남구 오천읍 원리
2023-03-07,힐스테이트포항,59.98,22020,10,경상북도 포항남구 오천읍 원리
2023-03-07,힐스테이트포항,84.88,30961,17,경상북도 포항남구 오천읍 원리
2023-03-07,힐스테이트포항,59.98,22823,14,경상북도 포항남구 오천읍 원리
2023-03-07,힐스테이트포항,59.98,21749,10,경상북도 포항남구 오천읍 원리
2023-03-10,힐스테이트포항,74.82,25127,3,경상북도 포항남구 오천읍 원리
2023-03-12,힐스테이트포항,74.66,26946,17,경상북도 포항남구 오천읍 원리
2023-03-15,힐스테이트포항,74.66,25118,1,경상북도 포항남구 오천읍 원리
2023-03-20,힐스테이트포항,74.66,24720,1,경상북도 포항남구 오천읍 원리
2023-03-21,힐스테이트포항,74.66,26411,12,경상북도 포항남구 오천읍 원리
2023-03-21,힐스테이트포항,74.66,25121,7,경상북도 포항남구 오천읍 원리
2023-03-22,힐스테이트포항,84.88,29630,9,경상북도 포항남구 오천읍 원리
2023-03-30,힐스테이트포항,84.88,32072,14,경상북도 포항남구 오천읍 원리
2023-04-03,힐스테이트포항,74.82,26411,11,경상북도 포항남구 오천읍 원리
2023-04-04,힐스테이트포항,84.96,28841,6,경상북도 포항남구 오천읍 원리
2023-04-20,힐스테이트포항,74.82,27094,7,경상북도 포항남구 오천읍 원리
2023-04-25,힐스테이트포항,74.96,25452,2,경상북도 포항남구 오천읍 원리
2023-05-01,힐스테이트포항,84.88,28999,4,경상북도 포항남구 오천읍 원리
2023-05-02,힐스테이트포항,74.82,24010,3,경상북도 포항남구 오천읍 원리
2023-05-03,힐스테이트포항,74.82,25863,5,경상북도 포항남구 오천읍 원리
2023-05-04,힐스테이트포항,74.82,27966,14,경상북도 포항남구 오천읍 원리
2023-05-04,힐스테이트포항,84.88,31161,16,경상북도 포항남구 오천읍 원리
2023-05-04,힐스테이트포항,84.88,29730,9,경상북도 포항남구 오천읍 원리
2022-07-07,삼구트리니엔 시그니처,84.99,48930,25,경상북도 포항북구 득량동
2022-07-11,삼구트리니엔 시그니처,85.00,48910,21,경상북도 포항북구 득량동
2022-07-18,삼구트리니엔 시그니처,84.99,48910,19,경상북도 포항북구 득량동
2022-07-19,삼구트리니엔 시그니처,85.00,48930,23,경상북도 포항북구 득량동
2022-07-19,삼구트리니엔 시그니처,85.00,48930,15,경상북도 포항북구 득량동
2022-07-20,삼구트리니엔 시그니처,85.00,48830,29,경상북도 포항북구 득량동
2022-07-20,삼구트리니엔 시그니처,85.00,48880,20,경상북도 포항북구 득량동
2022-08-19,삼구트리니엔 시그니처,85.00,48880,26,경상북도 포항북구 득량동
2022-08-22,삼구트리니엔 시그니처,85.00,50230,29,경상북도 포항북구 득량동
2022-09-06,삼구트리니엔 시그니처,85.00,48630,25,경상북도 포항북구 득량동
2022-09-06,삼구트리니엔 시그니처,85.00,48630,14,경상북도 포항북구 득량동
2022-09-14,삼구트리니엔 시그니처,85.00,48680,15,경상북도 포항북구 득량동
2022-09-27,삼구트리니엔 시그니처,84.99,48630,27,경상북도 포항북구 득량동
2022-11-10,삼구트리니엔 시그니처,85.00,48630,17,경상북도 포항북구 득량동
2022-12-20,삼구트리니엔 시그니처,84.99,48630,16,경상북도 포항북구 득량동
2022-12-23,삼구트리니엔 시그니처,85.00,48630,11,경상북도 포항북구 득량동
2023-02-10,삼구트리니엔 시그니처,85.00,48630,10,경상북도 포항북구 득량동
2023-02-10,삼구트리니엔 시그니처,85.00,48630,2,경상북도 포항북구 득량동
2023-04-19,삼구트리니엔 시그니처,84.99,48630,18,경상북도 포항북구 득량동
2023-04-19,삼구트리니엔 시그니처,85.00,48630,28,경상북도 포항북구 득량동
2023-04-20,삼구트리니엔 시그니처,85.00,48630,19,경상북도 포항북구 득량동
2023-04-20,삼구트리니엔 시그니처,85.00,47040,2,경상북도 포항북구 득량동
2023-04-20,삼구트리니엔 시그니처,85.00,48630,26,경상북도 포항북구 득량동
2023-04-25,삼구트리니엔 시그니처,85.00,48630,24,경상북도 포항북구 득량동
2023-04-28,삼구트리니엔 시그니처,85.00,48630,17,경상북도 포항북구 득량동
2022-01-03,포항 양학 신원아침도시 퀘렌시아,62.30,23369,1,경상북도 포항북구 득량동
2022-01-10,포항 양학 신원아침도시 퀘렌시아,60.64,26444,16,경상북도 포항북구 득량동
2022-01-10,포항 양학 신원아침도시 퀘렌시아,84.77,36058,4,경상북도 포항북구 득량동
2022-01-11,포항 양학 신원아침도시 퀘렌시아,60.64,26924,13,경상북도 포항북구 득량동
2022-01-27,포항 양학 신원아침도시 퀘렌시아,62.30,25601,20,경상북도 포항북구 득량동
2022-02-08,포항 양학 신원아침도시 퀘렌시아,53.71,19674,14,경상북도 포항북구 득량동
2022-02-19,포항 양학 신원아침도시 퀘렌시아,84.32,29743,7,경상북도 포항북구 득량동
2022-02-24,포항 양학 신원아침도시 퀘렌시아,84.77,35478,5,경상북도 포항북구 득량동
2022-03-02,포항 양학 신원아침도시 퀘렌시아,60.64,26231,10,경상북도 포항북구 득량동
2022-03-05,포항 양학 신원아침도시 퀘렌시아,62.30,24535,13,경상북도 포항북구 득량동
2022-03-06,포항 양학 신원아침도시 퀘렌시아,62.30,24935,16,경상북도 포항북구 득량동
2022-03-09,포항 양학 신원아침도시 퀘렌시아,109.27,44980,8,경상북도 포항북구 득량동
2022-03-21,포항 양학 신원아침도시 퀘렌시아,84.98,34318,3,경상북도 포항북구 득량동
2022-04-16,포항 양학 신원아침도시 퀘렌시아,84.77,38455,17,경상북도 포항북구 득량동
2022-04-17,포항 양학 신원아침도시 퀘렌시아,60.64,23598,1,경상북도 포항북구 득량동
2022-04-28,포항 양학 신원아침도시 퀘렌시아,84.77,34639,2,경상북도 포항북구 득량동
2022-05-02,포항 양학 신원아침도시 퀘렌시아,109.27,46790,17,경상북도 포항북구 득량동
2022-05-11,포항 양학 신원아침도시 퀘렌시아,60.64,24196,1,경상북도 포항북구 득량동
2022-05-18,포항 양학 신원아침도시 퀘렌시아,84.98,40120,11,경상북도 포항북구 득량동
2022-06-17,포항 양학 신원아침도시 퀘렌시아,53.71,20874,13,경상북도 포항북구 득량동
2022-06-23,포항 양학 신원아침도시 퀘렌시아,60.64,26261,10,경상북도 포항북구 득량동
2022-06-30,포항 양학 신원아침도시 퀘렌시아,84.98,38620,12,경상북도 포항북구 득량동
2022-07-02,포항 양학 신원아침도시 퀘렌시아,60.64,26532,5,경상북도 포항북구 득량동
2022-07-12,포항 양학 신원아침도시 퀘렌시아,60.64,24196,1,경상북도 포항북구 득량동
2022-08-08,포항 양학 신원아침도시 퀘렌시아,60.64,26802,19,경상북도 포항북구 득량동
2022-09-14,포항 양학 신원아침도시 퀘렌시아,84.77,34659,14,경상북도 포항북구 득량동
2022-09-17,포항 양학 신원아침도시 퀘렌시아,84.77,34374,10,경상북도 포항북구 득량동
2023-01-16,포항 양학 신원아침도시 퀘렌시아,60.64,21598,1,경상북도 포항북구 득량동
2023-01-30,포항 양학 신원아침도시 퀘렌시아,60.64,22428,8,경상북도 포항북구 득량동
2023-02-18,포항 양학 신원아침도시 퀘렌시아,84.98,30721,7,경상북도 포항북구 득량동
2023-02-20,포항 양학 신원아침도시 퀘렌시아,84.98,32079,7,경상북도 포항북구 득량동
2023-04-04,포항 양학 신원아침도시 퀘렌시아,84.98,38620,22,경상북도 포항북구 득량동
2023-04-18,포항 양학 신원아침도시 퀘렌시아,60.64,23024,15,경상북도 포항북구 득량동
2023-04-24,포항 양학 신원아침도시 퀘렌시아,109.27,43540,4,경상북도 포항북구 득량동
2023-04-27,포항 양학 신원아침도시 퀘렌시아,109.27,42780,8,경상북도 포항북구 득량동
2022-06-09,힐스테이트 환호공원 1블록,101.48,61960,30,경상북도 포항북구 양덕동
2022-06-10,힐스테이트 환호공원 1블록,101.48,62060,30,경상북도 포항북구 양덕동
2022-06-10,힐스테이트 환호공원 1블록,84.84,52400,37,경상북도 포항북구 양덕동
2022-06-13,힐스테이트 환호공원 1블록,59.84,33790,18,경상북도 포항북구 양덕동
2022-06-14,힐스테이트 환호공원 1블록,84.84,52270,26,경상북도 포항북구 양덕동
2022-06-15,힐스테이트 환호공원 1블록,84.88,52150,32,경상북도 포항북구 양덕동
2022-06-20,힐스테이트 환호공원 1블록,84.84,52300,30,경상북도 포항북구 양덕동
2022-06-20,힐스테이트 환호공원 1블록,101.74,62550,24,경상북도 포항북구 양덕동
2022-06-22,힐스테이트 환호공원 1블록,59.84,34150,23,경상북도 포항북구 양덕동
2022-06-23,힐스테이트 환호공원 1블록,59.84,32820,9,경상북도 포항북구 양덕동
2022-06-26,힐스테이트 환호공원 1블록,84.84,52350,34,경상북도 포항북구 양덕동
2022-06-27,힐스테이트 환호공원 1블록,84.84,52300,25,경상북도 포항북구 양덕동
2022-06-27,힐스테이트 환호공원 1블록,84.84,52280,38,경상북도 포항북구 양덕동
2022-06-27,힐스테이트 환호공원 1블록,101.74,62700,38,경상북도 포항북구 양덕동
2022-06-27,힐스테이트 환호공원 1블록,84.84,52300,29,경상북도 포항북구 양덕동
2022-06-27,힐스테이트 환호공원 1블록,101.74,62700,34,경상북도 포항북구 양덕동
2022-06-27,힐스테이트 환호공원 1블록,84.84,52300,32,경상북도 포항북구 양덕동
2022-06-27,힐스테이트 환호공원 1블록,84.84,52400,36,경상북도 포항북구 양덕동
2022-06-27,힐스테이트 환호공원 1블록,101.48,61960,24,경상북도 포항북구 양덕동
2022-06-27,힐스테이트 환호공원 1블록,101.74,62600,31,경상북도 포항북구 양덕동
2022-06-27,힐스테이트 환호공원 1블록,101.48,61960,26,경상북도 포항북구 양덕동
2022-06-27,힐스테이트 환호공원 1블록,84.84,52400,35,경상북도 포항북구 양덕동
2022-06-28,힐스테이트 환호공원 1블록,59.84,33760,17,경상북도 포항북구 양덕동
2022-06-28,힐스테이트 환호공원 1블록,101.48,62060,34,경상북도 포항북구 양덕동
2022-06-28,힐스테이트 환호공원 1블록,84.84,52300,32,경상북도 포항북구 양덕동
2022-06-28,힐스테이트 환호공원 1블록,84.84,52300,31,경상북도 포항북구 양덕동
2022-06-28,힐스테이트 환호공원 1블록,101.74,62700,23,경상북도 포항북구 양덕동
2022-06-28,힐스테이트 환호공원 1블록,101.48,60110,14,경상북도 포항북구 양덕동
2022-06-28,힐스테이트 환호공원 1블록,101.74,62900,35,경상북도 포항북구 양덕동
2022-06-28,힐스테이트 환호공원 1블록,84.84,52300,33,경상북도 포항북구 양덕동
2022-06-28,힐스테이트 환호공원 1블록,84.84,52270,34,경상북도 포항북구 양덕동
2022-06-28,힐스테이트 환호공원 1블록,101.74,62600,36,경상북도 포항북구 양덕동
2022-06-29,힐스테이트 환호공원 1블록,101.74,62600,29,경상북도 포항북구 양덕동
2022-06-29,힐스테이트 환호공원 1블록,101.74,62700,37,경상북도 포항북구 양덕동
2022-06-29,힐스테이트 환호공원 1블록,101.48,61960,35,경상북도 포항북구 양덕동
2022-06-29,힐스테이트 환호공원 1블록,101.74,62700,29,경상북도 포항북구 양덕동
2022-06-29,힐스테이트 환호공원 1블록,101.48,61960,33,경상북도 포항북구 양덕동
2022-06-29,힐스테이트 환호공원 1블록,84.88,52130,36,경상북도 포항북구 양덕동
2022-06-29,힐스테이트 환호공원 1블록,84.84,52300,29,경상북도 포항북구 양덕동
2022-06-29,힐스테이트 환호공원 1블록,84.84,50690,14,경상북도 포항북구 양덕동
2022-06-30,힐스테이트 환호공원 1블록,59.84,34250,28,경상북도 포항북구 양덕동
2022-06-30,힐스테이트 환호공원 1블록,84.84,51530,19,경상북도 포항북구 양덕동
2022-06-30,힐스테이트 환호공원 1블록,84.84,52300,24,경상북도 포항북구 양덕동
2022-06-30,힐스테이트 환호공원 1블록,84.84,52280,34,경상북도 포항북구 양덕동
2022-07-01,힐스테이트 환호공원 1블록,101.74,62600,31,경상북도 포항북구 양덕동
2022-07-01,힐스테이트 환호공원 1블록,84.84,51530,16,경상북도 포항북구 양덕동
2022-07-01,힐스테이트 환호공원 1블록,101.48,62060,37,경상북도 포항북구 양덕동
2022-07-01,힐스테이트 환호공원 1블록,101.48,61030,20,경상북도 포항북구 양덕동
2022-07-02,힐스테이트 환호공원 1블록,59.84,34250,22,경상북도 포항북구 양덕동
2022-07-02,힐스테이트 환호공원 1블록,101.74,61570,17,경상북도 포항북구 양덕동
2022-07-02,힐스테이트 환호공원 1블록,101.74,62600,32,경상북도 포항북구 양덕동
2022-07-03,힐스테이트 환호공원 1블록,101.48,61960,32,경상북도 포항북구 양덕동
2022-07-03,힐스테이트 환호공원 1블록,101.74,61670,19,경상북도 포항북구 양덕동
2022-07-03,힐스테이트 환호공원 1블록,59.84,34200,27,경상북도 포항북구 양덕동
2022-07-04,힐스테이트 환호공원 1블록,84.84,50690,11,경상북도 포항북구 양덕동
2022-07-04,힐스테이트 환호공원 1블록,84.84,52280,35,경상북도 포항북구 양덕동
2022-07-04,힐스테이트 환호공원 1블록,84.84,52200,36,경상북도 포항북구 양덕동
2022-07-04,힐스테이트 환호공원 1블록,84.88,52130,33,경상북도 포항북구 양덕동
2022-07-05,힐스테이트 환호공원 1블록,84.84,52280,27,경상북도 포항북구 양덕동
2022-07-05,힐스테이트 환호공원 1블록,84.88,51980,28,경상북도 포항북구 양덕동
2022-07-05,힐스테이트 환호공원 1블록,84.75,51460,31,경상북도 포항북구 양덕동
2022-07-05,힐스테이트 환호공원 1블록,101.74,61670,17,경상북도 포항북구 양덕동
2022-07-06,힐스테이트 환호공원 1블록,101.48,61960,36,경상북도 포항북구 양덕동
2022-07-14,힐스테이트 환호공원 1블록,84.84,52300,32,경상북도 포항북구 양덕동
2022-07-15,힐스테이트 환호공원 1블록,84.84,52300,21,경상북도 포항북구 양덕동
2022-07-16,힐스테이트 환호공원 1블록,84.84,52300,29,경상북도 포항북구 양덕동
2022-07-16,힐스테이트 환호공원 1블록,84.84,52270,25,경상북도 포항북구 양덕동
2022-07-18,힐스테이트 환호공원 1블록,59.84,33790,20,경상북도 포항북구 양덕동
2022-07-20,힐스테이트 환호공원 1블록,101.48,61900,31,경상북도 포항북구 양덕동
2022-07-21,힐스테이트 환호공원 1블록,101.74,62600,27,경상북도 포항북구 양덕동
2022-07-25,힐스테이트 환호공원 1블록,84.84,52280,26,경상북도 포항북구 양덕동
2022-07-26,힐스테이트 환호공원 1블록,84.84,52300,37,경상북도 포항북구 양덕동
2022-07-26,힐스테이트 환호공원 1블록,84.84,51580,20,경상북도 포항북구 양덕동
2022-07-26,힐스테이트 환호공원 1블록,101.74,61670,20,경상북도 포항북구 양덕동
2022-07-28,힐스테이트 환호공원 1블록,84.84,52300,37,경상북도 포항북구 양덕동
2022-07-28,힐스테이트 환호공원 1블록,101.74,62600,37,경상북도 포항북구 양덕동
2022-07-29,힐스테이트 환호공원 1블록,84.84,52300,23,경상북도 포항북구 양덕동
2022-08-27,힐스테이트 환호공원 1블록,101.48,62060,36,경상북도 포항북구 양덕동
2022-08-29,힐스테이트 환호공원 1블록,84.88,51100,17,경상북도 포항북구 양덕동
2022-08-30,힐스테이트 환호공원 1블록,101.48,61660,23,경상북도 포항북구 양덕동
2022-09-06,힐스테이트 환호공원 1블록,101.74,60750,13,경상북도 포항북구 양덕동
2022-09-10,힐스테이트 환호공원 1블록,101.74,57310,2,경상북도 포항북구 양덕동
2022-09-14,힐스테이트 환호공원 1블록,59.84,32470,7,경상북도 포항북구 양덕동
2022-09-15,힐스테이트 환호공원 1블록,101.74,62600,24,경상북도 포항북구 양덕동
2022-09-16,힐스테이트 환호공원 1블록,101.74,62600,30,경상북도 포항북구 양덕동
2022-09-19,힐스테이트 환호공원 1블록,59.97,33350,29,경상북도 포항북구 양덕동
2022-09-20,힐스테이트 환호공원 1블록,84.88,52130,36,경상북도 포항북구 양덕동
2022-09-20,힐스테이트 환호공원 1블록,101.74,57310,2,경상북도 포항북구 양덕동
2022-09-20,힐스테이트 환호공원 1블록,101.48,61660,32,경상북도 포항북구 양덕동
2022-09-21,힐스테이트 환호공원 1블록,84.84,52250,35,경상북도 포항북구 양덕동
2022-09-21,힐스테이트 환호공원 1블록,101.74,62300,24,경상북도 포항북구 양덕동
2022-09-21,힐스테이트 환호공원 1블록,101.74,62300,34,경상북도 포항북구 양덕동
2022-09-21,힐스테이트 환호공원 1블록,84.75,51610,33,경상북도 포항북구 양덕동
2022-10-05,힐스테이트 환호공원 1블록,101.74,62600,32,경상북도 포항북구 양덕동
2022-12-07,힐스테이트 환호공원 1블록,101.74,62300,35,경상북도 포항북구 양덕동
2023-01-04,힐스테이트 환호공원 1블록,101.74,62800,35,경상북도 포항북구 양덕동
2023-01-16,힐스테이트 환호공원 1블록,59.84,32470,8,경상북도 포항북구 양덕동
2023-02-14,힐스테이트 환호공원 1블록,101.48,61960,28,경상북도 포항북구 양덕동
2023-02-02,힐스테이트 환호공원 1블록,84.84,52300,38,경상북도 포항북구 양덕동
2023-02-07,힐스테이트 환호공원 1블록,101.74,62300,36,경상북도 포항북구 양덕동
2023-02-23,힐스테이트 환호공원 1블록,84.84,52000,37,경상북도 포항북구 양덕동
2023-03-10,힐스테이트 환호공원 1블록,84.84,52000,29,경상북도 포항북구 양덕동
2023-03-22,힐스테이트 환호공원 1블록,101.74,62550,28,경상북도 포항북구 양덕동
2023-04-17,힐스테이트 환호공원 1블록,101.74,62700,33,경상북도 포항북구 양덕동
2022-06-10,힐스테이트 환호공원 2블록,84.84,52300,26,경상북도 포항북구 양덕동
2022-06-11,힐스테이트 환호공원 2블록,101.48,61960,31,경상북도 포항북구 양덕동
2022-06-13,힐스테이트 환호공원 2블록,101.74,62700,21,경상북도 포항북구 양덕동
2022-06-14,힐스테이트 환호공원 2블록,101.74,62700,37,경상북도 포항북구 양덕동
2022-06-15,힐스테이트 환호공원 2블록,84.84,52300,28,경상북도 포항북구 양덕동
2022-06-16,힐스테이트 환호공원 2블록,84.84,49960,10,경상북도 포항북구 양덕동
2022-06-16,힐스테이트 환호공원 2블록,59.97,33650,30,경상북도 포항북구 양덕동
2022-06-16,힐스테이트 환호공원 2블록,84.84,52400,36,경상북도 포항북구 양덕동
2022-06-16,힐스테이트 환호공원 2블록,101.74,62700,31,경상북도 포항북구 양덕동
2022-06-18,힐스테이트 환호공원 2블록,101.74,62600,31,경상북도 포항북구 양덕동
2022-06-18,힐스테이트 환호공원 2블록,59.84,32720,9,경상북도 포항북구 양덕동
2022-06-20,힐스테이트 환호공원 2블록,101.48,61960,30,경상북도 포항북구 양덕동
2022-06-21,힐스테이트 환호공원 2블록,101.48,60060,14,경상북도 포항북구 양덕동
2022-06-22,힐스테이트 환호공원 2블록,101.74,62600,34,경상북도 포항북구 양덕동
2022-06-22,힐스테이트 환호공원 2블록,101.74,61650,19,경상북도 포항북구 양덕동
2022-06-23,힐스테이트 환호공원 2블록,101.74,61620,16,경상북도 포항북구 양덕동
2022-06-24,힐스테이트 환호공원 2블록,101.48,61960,32,경상북도 포항북구 양덕동
2022-06-25,힐스테이트 환호공원 2블록,59.84,34230,21,경상북도 포항북구 양덕동
2022-06-25,힐스테이트 환호공원 2블록,84.84,52300,36,경상북도 포항북구 양덕동
2022-06-26,힐스테이트 환호공원 2블록,84.84,52300,34,경상북도 포항북구 양덕동
2022-06-26,힐스테이트 환호공원 2블록,101.74,57610,2,경상북도 포항북구 양덕동
2022-06-26,힐스테이트 환호공원 2블록,84.84,50690,15,경상북도 포항북구 양덕동
2022-06-27,힐스테이트 환호공원 2블록,101.48,61960,22,경상북도 포항북구 양덕동
2022-06-27,힐스테이트 환호공원 2블록,101.74,61670,20,경상북도 포항북구 양덕동
2022-06-27,힐스테이트 환호공원 2블록,59.97,33160,16,경상북도 포항북구 양덕동
2022-06-27,힐스테이트 환호공원 2블록,59.97,32610,14,경상북도 포항북구 양덕동
2022-06-27,힐스테이트 환호공원 2블록,59.84,33690,18,경상북도 포항북구 양덕동
2022-06-27,힐스테이트 환호공원 2블록,59.97,33650,33,경상북도 포항북구 양덕동
2022-06-27,힐스테이트 환호공원 2블록,101.74,62700,34,경상북도 포항북구 양덕동
2022-06-27,힐스테이트 환호공원 2블록,84.84,52300,35,경상북도 포항북구 양덕동
2022-06-27,힐스테이트 환호공원 2블록,59.84,34250,34,경상북도 포항북구 양덕동
2022-06-27,힐스테이트 환호공원 2블록,101.74,62600,25,경상북도 포항북구 양덕동
2022-06-27,힐스테이트 환호공원 2블록,101.74,62600,36,경상북도 포항북구 양덕동
2022-06-27,힐스테이트 환호공원 2블록,84.84,52400,36,경상북도 포항북구 양덕동
2022-06-27,힐스테이트 환호공원 2블록,84.84,50690,15,경상북도 포항북구 양덕동
2022-06-27,힐스테이트 환호공원 2블록,84.84,51530,16,경상북도 포항북구 양덕동
2022-06-27,힐스테이트 환호공원 2블록,84.84,50720,11,경상북도 포항북구 양덕동
2022-06-27,힐스테이트 환호공원 2블록,101.74,62650,34,경상북도 포항북구 양덕동
2022-06-27,힐스테이트 환호공원 2블록,84.84,52300,36,경상북도 포항북구 양덕동
2022-06-27,힐스테이트 환호공원 2블록,84.84,52300,22,경상북도 포항북구 양덕동
2022-06-27,힐스테이트 환호공원 2블록,84.84,52300,28,경상북도 포항북구 양덕동
2022-06-27,힐스테이트 환호공원 2블록,84.84,52300,25,경상북도 포항북구 양덕동
2022-06-27,힐스테이트 환호공원 2블록,101.48,61960,34,경상북도 포항북구 양덕동
2022-06-27,힐스테이트 환호공원 2블록,84.84,52300,23,경상북도 포항북구 양덕동
2022-06-27,힐스테이트 환호공원 2블록,207.04,62060,36,경상북도 포항북구 양덕동
2022-06-27,힐스테이트 환호공원 2블록,84.84,52300,33,경상북도 포항북구 양덕동
2022-06-27,힐스테이트 환호공원 2블록,84.84,49960,9,경상북도 포항북구 양덕동
2022-06-27,힐스테이트 환호공원 2블록,84.84,52300,38,경상북도 포항북구 양덕동
2022-06-27,힐스테이트 환호공원 2블록,84.84,49940,9,경상북도 포항북구 양덕동
2022-06-27,힐스테이트 환호공원 2블록,84.84,52300,31,경상북도 포항북구 양덕동
2022-06-27,힐스테이트 환호공원 2블록,84.84,50690,13,경상북도 포항북구 양덕동
2022-06-28,힐스테이트 환호공원 2블록,101.74,62700,34,경상북도 포항북구 양덕동
2022-06-28,힐스테이트 환호공원 2블록,84.84,52300,27,경상북도 포항북구 양덕동
2022-06-28,힐스테이트 환호공원 2블록,101.48,61960,29,경상북도 포항북구 양덕동
2022-06-28,힐스테이트 환호공원 2블록,101.74,62600,30,경상북도 포항북구 양덕동
2022-06-28,힐스테이트 환호공원 2블록,101.48,61030,19,경상북도 포항북구 양덕동
2022-06-28,힐스테이트 환호공원 2블록,59.84,34250,32,경상북도 포항북구 양덕동
2022-06-28,힐스테이트 환호공원 2블록,59.84,32720,7,경상북도 포항북구 양덕동
2022-06-28,힐스테이트 환호공원 2블록,59.97,33600,27,경상북도 포항북구 양덕동
2022-06-28,힐스테이트 환호공원 2블록,101.48,61960,35,경상북도 포항북구 양덕동
2022-06-28,힐스테이트 환호공원 2블록,101.74,62650,31,경상북도 포항북구 양덕동
2022-06-28,힐스테이트 환호공원 2블록,84.84,52300,28,경상북도 포항북구 양덕동
2022-06-28,힐스테이트 환호공원 2블록,84.84,52300,37,경상북도 포항북구 양덕동
2022-06-28,힐스테이트 환호공원 2블록,59.97,32610,11,경상북도 포항북구 양덕동
2022-06-28,힐스테이트 환호공원 2블록,84.84,52300,26,경상북도 포항북구 양덕동
2022-06-28,힐스테이트 환호공원 2블록,101.74,61670,20,경상북도 포항북구 양덕동
2022-06-28,힐스테이트 환호공원 2블록,101.74,62600,32,경상북도 포항북구 양덕동
2022-06-28,힐스테이트 환호공원 2블록,101.74,60750,14,경상북도 포항북구 양덕동
2022-06-28,힐스테이트 환호공원 2블록,101.74,61770,17,경상북도 포항북구 양덕동
2022-06-29,힐스테이트 환호공원 2블록,84.84,49910,10,경상북도 포항북구 양덕동
2022-06-29,힐스테이트 환호공원 2블록,59.84,33790,17,경상북도 포항북구 양덕동
2022-06-29,힐스테이트 환호공원 2블록,84.84,51480,20,경상북도 포항북구 양덕동
2022-06-29,힐스테이트 환호공원 2블록,84.88,52180,26,경상북도 포항북구 양덕동
2022-06-29,힐스테이트 환호공원 2블록,101.74,62700,28,경상북도 포항북구 양덕동
2022-06-29,힐스테이트 환호공원 2블록,59.84,34250,27,경상북도 포항북구 양덕동
2022-06-29,힐스테이트 환호공원 2블록,84.84,52300,30,경상북도 포항북구 양덕동
2022-06-29,힐스테이트 환호공원 2블록,84.88,52130,29,경상북도 포항북구 양덕동
2022-06-29,힐스테이트 환호공원 2블록,84.84,49910,8,경상북도 포항북구 양덕동
2022-06-29,힐스테이트 환호공원 2블록,101.74,61670,19,경상북도 포항북구 양덕동
2022-06-29,힐스테이트 환호공원 2블록,101.74,62600,25,경상북도 포항북구 양덕동
2022-06-29,힐스테이트 환호공원 2블록,84.84,50740,12,경상북도 포항북구 양덕동
2022-06-29,힐스테이트 환호공원 2블록,84.84,52400,32,경상북도 포항북구 양덕동
2022-06-29,힐스테이트 환호공원 2블록,101.48,62060,38,경상북도 포항북구 양덕동
2022-06-29,힐스테이트 환호공원 2블록,59.84,34200,28,경상북도 포항북구 양덕동
2022-06-29,힐스테이트 환호공원 2블록,84.84,51530,20,경상북도 포항북구 양덕동
2022-06-29,힐스테이트 환호공원 2블록,84.84,51480,19,경상북도 포항북구 양덕동
2022-06-29,힐스테이트 환호공원 2블록,84.84,52300,33,경상북도 포항북구 양덕동
2022-06-29,힐스테이트 환호공원 2블록,84.84,50720,15,경상북도 포항북구 양덕동
2022-06-29,힐스테이트 환호공원 2블록,84.84,51480,18,경상북도 포항북구 양덕동
2022-06-29,힐스테이트 환호공원 2블록,101.48,61960,34,경상북도 포항북구 양덕동
2022-06-30,힐스테이트 환호공원 2블록,84.84,52280,31,경상북도 포항북구 양덕동
2022-06-30,힐스테이트 환호공원 2블록,84.84,50690,12,경상북도 포항북구 양덕동
2022-06-30,힐스테이트 환호공원 2블록,101.74,62700,24,경상북도 포항북구 양덕동
2022-06-30,힐스테이트 환호공원 2블록,84.84,52300,24,경상북도 포항북구 양덕동
2022-06-30,힐스테이트 환호공원 2블록,101.48,61960,29,경상북도 포항북구 양덕동
2022-06-30,힐스테이트 환호공원 2블록,101.74,62600,32,경상북도 포항북구 양덕동
2022-06-30,힐스테이트 환호공원 2블록,101.74,61670,17,경상북도 포항북구 양덕동
2022-06-30,힐스테이트 환호공원 2블록,59.97,33550,34,경상북도 포항북구 양덕동
2022-06-30,힐스테이트 환호공원 2블록,101.74,62600,30,경상북도 포항북구 양덕동
2022-06-30,힐스테이트 환호공원 2블록,101.74,62600,27,경상북도 포항북구 양덕동
2022-07-01,힐스테이트 환호공원 2블록,101.74,62700,33,경상북도 포항북구 양덕동
2022-07-01,힐스테이트 환호공원 2블록,59.97,33630,28,경상북도 포항북구 양덕동
2022-07-01,힐스테이트 환호공원 2블록,84.84,51530,16,경상북도 포항북구 양덕동
2022-07-01,힐스테이트 환호공원 2블록,59.84,33180,12,경상북도 포항북구 양덕동
2022-07-01,힐스테이트 환호공원 2블록,84.84,52300,36,경상북도 포항북구 양덕동
2022-07-01,힐스테이트 환호공원 2블록,101.48,61960,22,경상북도 포항북구 양덕동
2022-07-01,힐스테이트 환호공원 2블록,101.74,61670,16,경상북도 포항북구 양덕동
2022-07-01,힐스테이트 환호공원 2블록,101.74,62600,22,경상북도 포항북구 양덕동
2022-07-01,힐스테이트 환호공원 2블록,84.84,49960,9,경상북도 포항북구 양덕동
2022-07-01,힐스테이트 환호공원 2블록,84.84,50720,12,경상북도 포항북구 양덕동
2022-07-02,힐스테이트 환호공원 2블록,59.84,34230,25,경상북도 포항북구 양덕동
2022-07-02,힐스테이트 환호공원 2블록,101.74,60600,13,경상북도 포항북구 양덕동
2022-07-02,힐스테이트 환호공원 2블록,101.74,62900,37,경상북도 포항북구 양덕동
2022-07-02,힐스테이트 환호공원 2블록,59.84,33280,12,경상북도 포항북구 양덕동
2022-07-02,힐스테이트 환호공원 2블록,84.84,52300,29,경상북도 포항북구 양덕동
2022-07-02,힐스테이트 환호공원 2블록,101.74,62550,29,경상북도 포항북구 양덕동
2022-07-02,힐스테이트 환호공원 2블록,59.84,34200,26,경상북도 포항북구 양덕동
2022-07-02,힐스테이트 환호공원 2블록,84.84,52280,25,경상북도 포항북구 양덕동
2022-07-02,힐스테이트 환호공원 2블록,84.84,52300,32,경상북도 포항북구 양덕동
2022-07-02,힐스테이트 환호공원 2블록,59.97,33110,17,경상북도 포항북구 양덕동
2022-07-02,힐스테이트 환호공원 2블록,84.84,52300,30,경상북도 포항북구 양덕동
2022-07-02,힐스테이트 환호공원 2블록,101.74,62700,31,경상북도 포항북구 양덕동
2022-07-02,힐스테이트 환호공원 2블록,84.84,52300,26,경상북도 포항북구 양덕동
2022-07-02,힐스테이트 환호공원 2블록,101.74,60450,14,경상북도 포항북구 양덕동
2022-07-02,힐스테이트 환호공원 2블록,59.84,34250,30,경상북도 포항북구 양덕동
2022-07-02,힐스테이트 환호공원 2블록,59.84,33790,17,경상북도 포항북구 양덕동
2022-07-02,힐스테이트 환호공원 2블록,101.74,62700,32,경상북도 포항북구 양덕동
2022-07-02,힐스테이트 환호공원 2블록,59.84,34200,23,경상북도 포항북구 양덕동
2022-07-03,힐스테이트 환호공원 2블록,101.74,61670,17,경상북도 포항북구 양덕동
2022-07-03,힐스테이트 환호공원 2블록,84.84,51530,20,경상북도 포항북구 양덕동
2022-07-03,힐스테이트 환호공원 2블록,59.97,33650,31,경상북도 포항북구 양덕동
2022-07-03,힐스테이트 환호공원 2블록,84.84,50740,14,경상북도 포항북구 양덕동
2022-07-04,힐스테이트 환호공원 2블록,101.74,62600,24,경상북도 포항북구 양덕동
2022-07-04,힐스테이트 환호공원 2블록,84.84,50590,15,경상북도 포항북구 양덕동
2022-07-04,힐스테이트 환호공원 2블록,101.74,61620,17,경상북도 포항북구 양덕동
2022-07-04,힐스테이트 환호공원 2블록,101.74,61670,20,경상북도 포항북구 양덕동
2022-07-04,힐스테이트 환호공원 2블록,84.84,52250,23,경상북도 포항북구 양덕동
2022-07-04,힐스테이트 환호공원 2블록,84.84,52700,31,경상북도 포항북구 양덕동
2022-07-04,힐스테이트 환호공원 2블록,59.84,34250,21,경상북도 포항북구 양덕동
2022-07-04,힐스테이트 환호공원 2블록,84.84,51530,19,경상북도 포항북구 양덕동
2022-07-04,힐스테이트 환호공원 2블록,101.74,61670,19,경상북도 포항북구 양덕동
2022-07-04,힐스테이트 환호공원 2블록,84.84,52300,23,경상북도 포항북구 양덕동
2022-07-05,힐스테이트 환호공원 2블록,59.84,33130,11,경상북도 포항북구 양덕동
2022-07-05,힐스테이트 환호공원 2블록,84.84,49860,7,경상북도 포항북구 양덕동
2022-07-05,힐스테이트 환호공원 2블록,84.84,52300,22,경상북도 포항북구 양덕동
2022-07-05,힐스테이트 환호공원 2블록,84.84,53500,38,경상북도 포항북구 양덕동
2022-07-05,힐스테이트 환호공원 2블록,84.84,52300,30,경상북도 포항북구 양덕동
2022-07-05,힐스테이트 환호공원 2블록,84.84,50540,13,경상북도 포항북구 양덕동
2022-07-05,힐스테이트 환호공원 2블록,84.84,52300,32,경상북도 포항북구 양덕동
2022-07-05,힐스테이트 환호공원 2블록,101.74,62500,24,경상북도 포항북구 양덕동
2022-07-06,힐스테이트 환호공원 2블록,101.74,62600,25,경상북도 포항북구 양덕동
2022-07-08,힐스테이트 환호공원 2블록,59.97,33550,23,경상북도 포항북구 양덕동
2022-07-11,힐스테이트 환호공원 2블록,101.48,61960,30,경상북도 포항북구 양덕동
2022-07-11,힐스테이트 환호공원 2블록,59.84,34200,28,경상북도 포항북구 양덕동
2022-07-12,힐스테이트 환호공원 2블록,59.84,33950,29,경상북도 포항북구 양덕동
2022-07-16,힐스테이트 환호공원 2블록,101.48,61910,34,경상북도 포항북구 양덕동
2022-07-18,힐스테이트 환호공원 2블록,59.84,33790,17,경상북도 포항북구 양덕동
2022-07-21,힐스테이트 환호공원 2블록,101.48,61960,31,경상북도 포항북구 양덕동
2022-07-24,힐스테이트 환호공원 2블록,101.74,62400,30,경상북도 포항북구 양덕동
2022-07-25,힐스테이트 환호공원 2블록,84.84,51430,18,경상북도 포항북구 양덕동
2022-07-26,힐스테이트 환호공원 2블록,101.74,62600,29,경상북도 포항북구 양덕동
2022-07-26,힐스테이트 환호공원 2블록,101.74,60450,12,경상북도 포항북구 양덕동
2022-07-26,힐스테이트 환호공원 2블록,101.48,61760,24,경상북도 포항북구 양덕동
2022-07-26,힐스테이트 환호공원 2블록,101.74,62600,36,경상북도 포항북구 양덕동
2022-07-27,힐스테이트 환호공원 2블록,84.84,52300,28,경상북도 포항북구 양덕동
2022-07-27,힐스테이트 환호공원 2블록,84.84,52300,24,경상북도 포항북구 양덕동
2022-07-29,힐스테이트 환호공원 2블록,59.97,33650,38,경상북도 포항북구 양덕동
2022-07-29,힐스테이트 환호공원 2블록,84.84,51530,20,경상북도 포항북구 양덕동
2022-08-01,힐스테이트 환호공원 2블록,101.74,62570,32,경상북도 포항북구 양덕동
2022-08-01,힐스테이트 환호공원 2블록,84.84,52300,21,경상북도 포항북구 양덕동
2022-08-01,힐스테이트 환호공원 2블록,84.84,52300,29,경상북도 포항북구 양덕동
2022-08-03,힐스테이트 환호공원 2블록,59.84,34200,25,경상북도 포항북구 양덕동
2022-08-10,힐스테이트 환호공원 2블록,101.74,62600,37,경상북도 포항북구 양덕동
2022-08-11,힐스테이트 환호공원 2블록,101.74,62400,28,경상북도 포항북구 양덕동
2022-08-17,힐스테이트 환호공원 2블록,84.84,52280,22,경상북도 포항북구 양덕동
2022-08-23,힐스테이트 환호공원 2블록,84.84,52300,33,경상북도 포항북구 양덕동
2022-09-01,힐스테이트 환호공원 2블록,59.84,32980,13,경상북도 포항북구 양덕동
2022-09-01,힐스테이트 환호공원 2블록,101.74,62650,33,경상북도 포항북구 양덕동
2022-09-05,힐스테이트 환호공원 2블록,101.74,62600,23,경상북도 포항북구 양덕동
2022-09-05,힐스테이트 환호공원 2블록,84.84,51430,19,경상북도 포항북구 양덕동
2022-09-07,힐스테이트 환호공원 2블록,59.84,32980,15,경상북도 포항북구 양덕동
2022-09-08,힐스테이트 환호공원 2블록,84.84,50740,13,경상북도 포항북구 양덕동
2022-09-13,힐스테이트 환호공원 2블록,101.48,61960,30,경상북도 포항북구 양덕동
2022-09-14,힐스테이트 환호공원 2블록,84.84,52000,35,경상북도 포항북구 양덕동
2022-09-18,힐스테이트 환호공원 2블록,84.84,52250,22,경상북도 포항북구 양덕동
2022-09-18,힐스테이트 환호공원 2블록,84.84,52300,38,경상북도 포항북구 양덕동
2022-09-19,힐스테이트 환호공원 2블록,101.48,61925,30,경상북도 포항북구 양덕동
2022-09-19,힐스테이트 환호공원 2블록,101.74,62300,26,경상북도 포항북구 양덕동
2022-09-19,힐스테이트 환호공원 2블록,59.84,34230,33,경상북도 포항북구 양덕동
2022-09-20,힐스테이트 환호공원 2블록,84.84,52000,28,경상북도 포항북구 양덕동
2022-09-21,힐스테이트 환호공원 2블록,59.97,33350,28,경상북도 포항북구 양덕동
2022-09-21,힐스테이트 환호공원 2블록,101.48,61660,23,경상북도 포항북구 양덕동
2022-09-22,힐스테이트 환호공원 2블록,84.84,52000,26,경상북도 포항북구 양덕동
2022-09-22,힐스테이트 환호공원 2블록,84.88,51100,16,경상북도 포항북구 양덕동
2022-09-23,힐스테이트 환호공원 2블록,101.74,62600,24,경상북도 포항북구 양덕동
2022-10-12,힐스테이트 환호공원 2블록,101.48,61660,37,경상북도 포항북구 양덕동
2022-12-05,힐스테이트 환호공원 2블록,59.97,32360,14,경상북도 포항북구 양덕동
2022-12-06,힐스테이트 환호공원 2블록,59.84,33790,17,경상북도 포항북구 양덕동
2022-12-07,힐스테이트 환호공원 2블록,101.48,61910,33,경상북도 포항북구 양덕동
2022-12-13,힐스테이트 환호공원 2블록,59.97,33350,28,경상북도 포항북구 양덕동
2022-12-13,힐스테이트 환호공원 2블록,59.97,33350,28,경상북도 포항북구 양덕동
2023-01-17,힐스테이트 환호공원 2블록,84.84,32470,8,경상북도 포항북구 양덕동
2023-02-07,힐스테이트 환호공원 2블록,59.84,32980,12,경상북도 포항북구 양덕동
2023-02-15,힐스테이트 환호공원 2블록,84.84,52000,32,경상북도 포항북구 양덕동
2023-02-28,힐스테이트 환호공원 2블록,59.84,33950,23,경상북도 포항북구 양덕동
2023-03-10,힐스테이트 환호공원 2블록,101.74,62300,38,경상북도 포항북구 양덕동
2023-03-11,힐스테이트 환호공원 2블록,101.74,62400,35,경상북도 포항북구 양덕동
2023-03-12,힐스테이트 환호공원 2블록,101.74,62600,32,경상북도 포항북구 양덕동
2023-03-20,힐스테이트 환호공원 2블록,101.74,62300,24,경상북도 포항북구 양덕동
2023-03-20,힐스테이트 환호공원 2블록,59.97,32860,19,경상북도 포항북구 양덕동
2023-03-21,힐스테이트 환호공원 2블록,101.48,61660,22,경상북도 포항북구 양덕동
2023-03-21,힐스테이트 환호공원 2블록,101.74,62700,31,경상북도 포항북구 양덕동
2023-04-12,힐스테이트 환호공원 2블록,101.48,61660,33,경상북도 포항북구 양덕동
2023-04-12,힐스테이트 환호공원 2블록,101.74,62060,36,경상북도 포항북구 양덕동
2023-04-12,힐스테이트 환호공원 2블록,101.74,62300,38,경상북도 포항북구 양덕동
2023-04-17,힐스테이트 환호공원 2블록,59.84,33490,18,경상북도 포항북구 양덕동
2023-04-26,힐스테이트 환호공원 2블록,84.84,52550,38,경상북도 포항북구 양덕동
2023-05-01,힐스테이트 환호공원 2블록,101.48,61600,25,경상북도 포항북구 양덕동
2022-01-19,포항자이 애서턴,125.94,78840,27,경상북도 포항북구 학잠동
2022-01-19,포항자이 애서턴,125.94,78640,23,경상북도 포항북구 학잠동
2022-01-19,포항자이 애서턴,101.89,63120,18,경상북도 포항북구 학잠동
2022-01-19,포항자이 애서턴,84.93,51060,18,경상북도 포항북구 학잠동
2022-01-20,포항자이 애서턴,84.93,50960,11,경상북도 포항북구 학잠동
2022-01-20,포항자이 애서턴,84.93,50860,10,경상북도 포항북구 학잠동
2022-01-21,포항자이 애서턴,84.91,51440,30,경상북도 포항북구 학잠동
2022-01-21,포항자이 애서턴,84.91,51930,25,경상북도 포항북구 학잠동
2022-01-21,포항자이 애서턴,84.91,52160,29,경상북도 포항북구 학잠동
2022-01-21,포항자이 애서턴,84.91,51440,22,경상북도 포항북구 학잠동
2022-01-22,포항자이 애서턴,84.91,51910,37,경상북도 포항북구 학잠동
2022-01-22,포항자이 애서턴,84.91,51440,27,경상북도 포항북구 학잠동
2022-01-22,포항자이 애서턴,101.89,62130,9,경상북도 포항북구 학잠동
2022-01-22,포항자이 애서턴,84.91,51940,35,경상북도 포항북구 학잠동
2022-01-22,포항자이 애서턴,101.95,70100,3,경상북도 포항북구 학잠동
2022-01-22,포항자이 애서턴,84.93,51820,24,경상북도 포항북구 학잠동
2022-01-22,포항자이 애서턴,84.93,51720,24,경상북도 포항북구 학잠동
2022-01-23,포항자이 애서턴,101.89,64370,30,경상북도 포항북구 학잠동
2022-01-24,포항자이 애서턴,84.93,50960,14,경상북도 포항북구 학잠동
2022-01-24,포항자이 애서턴,84.91,51860,32,경상북도 포항북구 학잠동
2022-01-24,포항자이 애서턴,84.94,51791,32,경상북도 포항북구 학잠동
2022-01-25,포항자이 애서턴,101.89,63970,29,경상북도 포항북구 학잠동
2022-01-25,포항자이 애서턴,101.97,65000,35,경상북도 포항북구 학잠동
2022-01-26,포항자이 애서턴,101.89,63970,29,경상북도 포항북구 학잠동
2022-01-26,포항자이 애서턴,84.93,50910,14,경상북도 포항북구 학잠동
2022-01-26,포항자이 애서턴,101.97,65000,37,경상북도 포항북구 학잠동
2022-01-26,포항자이 애서턴,84.94,50450,15,경상북도 포항북구 학잠동
2022-01-26,포항자이 애서턴,101.97,65400,28,경상북도 포항북구 학잠동
2022-01-26,포항자이 애서턴,84.93,51620,21,경상북도 포항북구 학잠동
2022-01-26,포항자이 애서턴,101.89,64070,23,경상북도 포항북구 학잠동
2022-01-26,포항자이 애서턴,84.94,51250,34,경상북도 포항북구 학잠동
2022-01-27,포항자이 애서턴,84.93,51620,24,경상북도 포항북구 학잠동
2022-01-27,포항자이 애서턴,84.91,51960,31,경상북도 포항북구 학잠동
2022-01-27,포항자이 애서턴,84.91,51200,11,경상북도 포항북구 학잠동
2022-01-27,포항자이 애서턴,84.94,51350,29,경상북도 포항북구 학잠동
2022-01-27,포항자이 애서턴,101.89,63120,17,경상북도 포항북구 학잠동
2022-01-27,포항자이 애서턴,84.93,50860,14,경상북도 포항북구 학잠동
2022-01-28,포항자이 애서턴,84.93,51040,18,경상북도 포항북구 학잠동
2022-01-28,포항자이 애서턴,84.91,51960,34,경상북도 포항북구 학잠동
2022-01-28,포항자이 애서턴,84.91,51300,15,경상북도 포항북구 학잠동
2022-01-28,포항자이 애서턴,101.95,67400,1,경상북도 포항북구 학잠동
2022-01-29,포항자이 애서턴,84.93,50910,18,경상북도 포항북구 학잠동
2022-02-02,포항자이 애서턴,84.93,51720,21,경상북도 포항북구 학잠동
2022-02-03,포항자이 애서턴,101.89,63970,20,경상북도 포항북구 학잠동
2022-02-03,포항자이 애서턴,84.93,50860,19,경상북도 포항북구 학잠동
2022-02-03,포항자이 애서턴,84.93,50760,15,경상북도 포항북구 학잠동
2022-02-04,포항자이 애서턴,84.93,51060,17,경상북도 포항북구 학잠동
2022-02-04,포항자이 애서턴,101.89,64370,30,경상북도 포항북구 학잠동
2022-02-04,포항자이 애서턴,84.93,50050,5,경상북도 포항북구 학잠동
2022-02-04,포항자이 애서턴,125.94,78640,23,경상북도 포항북구 학잠동
2022-02-04,포항자이 애서턴,84.93,51620,21,경상북도 포항북구 학잠동
2022-02-04,포항자이 애서턴,84.91,52060,25,경상북도 포항북구 학잠동
2022-02-04,포항자이 애서턴,84.93,50960,13,경상북도 포항북구 학잠동
2022-02-04,포항자이 애서턴,84.91,51200,12,경상북도 포항북구 학잠동
2022-02-04,포항자이 애서턴,101.89,63020,10,경상북도 포항북구 학잠동
2022-02-04,포항자이 애서턴,84.93,50960,16,경상북도 포항북구 학잠동
2022-02-04,포항자이 애서턴,101.89,63320,14,경상북도 포항북구 학잠동
2022-02-04,포항자이 애서턴,84.93,50960,12,경상북도 포항북구 학잠동
2022-02-04,포항자이 애서턴,84.93,51620,30,경상북도 포항북구 학잠동
2022-02-04,포항자이 애서턴,84.94,51100,22,경상북도 포항북구 학잠동
2022-02-04,포항자이 애서턴,125.94,78490,19,경상북도 포항북구 학잠동
2022-02-04,포항자이 애서턴,84.93,51620,24,경상북도 포항북구 학잠동
2022-02-04,포항자이 애서턴,101.97,65000,36,경상북도 포항북구 학잠동
2022-02-04,포항자이 애서턴,101.89,64070,20,경상북도 포항북구 학잠동
2022-02-04,포항자이 애서턴,101.89,63100,19,경상북도 포항북구 학잠동
2022-02-04,포항자이 애서턴,84.93,51620,27,경상북도 포항북구 학잠동
2022-02-04,포항자이 애서턴,84.93,51320,25,경상북도 포항북구 학잠동
2022-02-04,포항자이 애서턴,84.93,51720,29,경상북도 포항북구 학잠동
2022-02-04,포항자이 애서턴,84.94,51250,25,경상북도 포항북구 학잠동
2022-02-04,포항자이 애서턴,101.89,64270,23,경상북도 포항북구 학잠동
2022-02-04,포항자이 애서턴,101.89,63120,19,경상북도 포항북구 학잠동
2022-02-04,포항자이 애서턴,84.93,51720,21,경상북도 포항북구 학잠동
2022-02-04,포항자이 애서턴,84.93,50100,6,경상북도 포항북구 학잠동
2022-02-04,포항자이 애서턴,84.93,51620,29,경상북도 포항북구 학잠동
2022-02-04,포항자이 애서턴,101.89,63020,15,경상북도 포항북구 학잠동
2022-02-04,포항자이 애서턴,84.93,51820,22,경상북도 포항북구 학잠동
2022-02-04,포항자이 애서턴,101.97,65000,31,경상북도 포항북구 학잠동
2022-02-04,포항자이 애서턴,101.89,64170,22,경상북도 포항북구 학잠동
2022-02-05,포항자이 애서턴,84.93,47570,1,경상북도 포항북구 학잠동
2022-02-05,포항자이 애서턴,84.91,51960,26,경상북도 포항북구 학잠동
2022-02-05,포항자이 애서턴,101.89,63970,22,경상북도 포항북구 학잠동
2022-02-05,포항자이 애서턴,84.93,51820,26,경상북도 포항북구 학잠동
2022-02-05,포항자이 애서턴,125.94,78440,21,경상북도 포항북구 학잠동
2022-02-05,포항자이 애서턴,84.93,50960,18,경상북도 포항북구 학잠동
2022-02-05,포항자이 애서턴,101.89,63020,12,경상북도 포항북구 학잠동
2022-02-05,포항자이 애서턴,84.94,51350,34,경상북도 포항북구 학잠동
2022-02-05,포항자이 애서턴,101.95,67300,1,경상북도 포항북구 학잠동
2022-02-05,포항자이 애서턴,84.93,49340,4,경상북도 포항북구 학잠동
2022-02-05,포항자이 애서턴,101.89,63970,24,경상북도 포항북구 학잠동
2022-02-05,포항자이 애서턴,84.93,50860,18,경상북도 포항북구 학잠동
2022-02-05,포항자이 애서턴,101.89,62080,5,경상북도 포항북구 학잠동
2022-02-05,포항자이 애서턴,84.93,50100,7,경상북도 포항북구 학잠동
2022-02-05,포항자이 애서턴,125.94,77290,19,경상북도 포항북구 학잠동
2022-02-05,포항자이 애서턴,101.89,61140,3,경상북도 포항북구 학잠동
2022-02-05,포항자이 애서턴,84.91,52160,24,경상북도 포항북구 학잠동
2022-02-05,포항자이 애서턴,84.93,50050,5,경상북도 포항북구 학잠동
2022-02-05,포항자이 애서턴,101.94,64190,31,경상북도 포항북구 학잠동
2022-02-05,포항자이 애서턴,101.94,63990,37,경상북도 포항북구 학잠동
2022-02-05,포항자이 애서턴,84.93,51620,27,경상북도 포항북구 학잠동
2022-02-05,포항자이 애서턴,84.91,51440,31,경상북도 포항북구 학잠동
2022-02-05,포항자이 애서턴,125.94,78640,26,경상북도 포항북구 학잠동
2022-02-05,포항자이 애서턴,101.89,63020,11,경상북도 포항북구 학잠동
2022-02-05,포항자이 애서턴,84.91,52060,22,경상북도 포항북구 학잠동
2022-02-05,포항자이 애서턴,84.93,49340,3,경상북도 포항북구 학잠동
2022-02-05,포항자이 애서턴,84.91,52640,25,경상북도 포항북구 학잠동
2022-02-05,포항자이 애서턴,84.91,51640,30,경상북도 포항북구 학잠동
2022-02-05,포항자이 애서턴,84.94,50250,8,경상북도 포항북구 학잠동
2022-02-06,포항자이 애서턴,84.93,50960,10,경상북도 포항북구 학잠동
2022-02-06,포항자이 애서턴,84.93,50860,14,경상북도 포항북구 학잠동
2022-02-06,포항자이 애서턴,84.94,49650,9,경상북도 포항북구 학잠동
2022-02-06,포항자이 애서턴,101.94,63990,32,경상북도 포항북구 학잠동
2022-02-06,포항자이 애서턴,84.91,51960,22,경상북도 포항북구 학잠동
2022-02-06,포항자이 애서턴,84.93,51620,26,경상북도 포항북구 학잠동
2022-02-06,포항자이 애서턴,101.97,65000,34,경상북도 포항북구 학잠동
2022-02-06,포항자이 애서턴,84.94,49650,5,경상북도 포항북구 학잠동
2022-02-06,포항자이 애서턴,84.93,50860,13,경상북도 포항북구 학잠동
2022-02-06,포항자이 애서턴,101.89,63020,13,경상북도 포항북구 학잠동
2022-02-06,포항자이 애서턴,84.91,51440,35,경상북도 포항북구 학잠동
2022-02-06,포항자이 애서턴,84.93,50300,9,경상북도 포항북구 학잠동
2022-02-06,포항자이 애서턴,84.93,51720,23,경상북도 포항북구 학잠동
2022-02-06,포항자이 애서턴,125.94,77390,19,경상북도 포항북구 학잠동
2022-02-06,포항자이 애서턴,101.89,63220,16,경상북도 포항북구 학잠동
2022-02-06,포항자이 애서턴,84.93,50100,8,경상북도 포항북구 학잠동
2022-02-06,포항자이 애서턴,101.97,64900,28,경상북도 포항북구 학잠동
2022-02-06,포항자이 애서턴,84.91,51200,14,경상북도 포항북구 학잠동
2022-02-06,포항자이 애서턴,101.89,63120,13,경상북도 포항북구 학잠동
2022-02-06,포항자이 애서턴,101.89,64170,23,경상북도 포항북구 학잠동
2022-02-06,포항자이 애서턴,84.91,50430,9,경상북도 포항북구 학잠동
2022-02-07,포항자이 애서턴,84.93,51820,28,경상북도 포항북구 학잠동
2022-02-07,포항자이 애서턴,84.93,51820,20,경상북도 포항북구 학잠동
2022-02-07,포항자이 애서턴,101.89,64370,30,경상북도 포항북구 학잠동
2022-02-07,포항자이 애서턴,84.91,50430,6,경상북도 포항북구 학잠동
2022-02-07,포항자이 애서턴,84.93,50860,18,경상북도 포항북구 학잠동
2022-02-07,포항자이 애서턴,84.93,51620,27,경상북도 포항북구 학잠동
2022-02-07,포항자이 애서턴,125.94,78440,24,경상북도 포항북구 학잠동
2022-02-07,포항자이 애서턴,84.93,52020,25,경상북도 포항북구 학잠동
2022-02-07,포항자이 애서턴,84.93,50100,6,경상북도 포항북구 학잠동
2022-02-07,포항자이 애서턴,125.94,78440,22,경상북도 포항북구 학잠동
2022-02-07,포항자이 애서턴,101.97,64300,29,경상북도 포항북구 학잠동
2022-02-07,포항자이 애서턴,84.93,48580,2,경상북도 포항북구 학잠동
2022-02-07,포항자이 애서턴,84.93,50860,11,경상북도 포항북구 학잠동
2022-02-07,포항자이 애서턴,101.89,62080,8,경상북도 포항북구 학잠동
2022-02-07,포항자이 애서턴,84.93,51060,17,경상북도 포항북구 학잠동
2022-02-07,포항자이 애서턴,84.91,52060,21,경상북도 포항북구 학잠동
2022-02-07,포항자이 애서턴,101.94,63990,28,경상북도 포항북구 학잠동
2022-02-07,포항자이 애서턴,84.93,51620,23,경상북도 포항북구 학잠동
2022-02-08,포항자이 애서턴,101.89,63970,24,경상북도 포항북구 학잠동
2022-02-08,포항자이 애서턴,84.93,48530,2,경상북도 포항북구 학잠동
2022-02-08,포항자이 애서턴,84.94,50400,17,경상북도 포항북구 학잠동
2022-02-08,포항자이 애서턴,84.91,51960,26,경상북도 포항북구 학잠동
2022-02-08,포항자이 애서턴,84.94,51150,25,경상북도 포항북구 학잠동
2022-02-08,포항자이 애서턴,101.89,63120,19,경상북도 포항북구 학잠동
2022-02-08,포항자이 애서턴,101.89,62030,7,경상북도 포항북구 학잠동
2022-02-08,포항자이 애서턴,84.93,49340,4,경상북도 포항북구 학잠동
2022-02-08,포항자이 애서턴,84.93,50860,14,경상북도 포항북구 학잠동
2022-02-08,포항자이 애서턴,101.89,63020,18,경상북도 포항북구 학잠동
2022-02-08,포항자이 애서턴,101.97,65000,30,경상북도 포항북구 학잠동
2022-02-08,포항자이 애서턴,84.93,50860,18,경상북도 포항북구 학잠동
2022-02-08,포항자이 애서턴,84.91,51440,28,경상북도 포항북구 학잠동
2022-02-08,포항자이 애서턴,84.93,50100,9,경상북도 포항북구 학잠동
2022-02-08,포항자이 애서턴,84.93,51620,32,경상북도 포항북구 학잠동
2022-02-08,포항자이 애서턴,101.94,61170,3,경상북도 포항북구 학잠동
2022-02-08,포항자이 애서턴,84.93,51600,29,경상북도 포항북구 학잠동
2022-02-08,포항자이 애서턴,84.93,51720,26,경상북도 포항북구 학잠동
2022-02-08,포항자이 애서턴,84.93,50100,5,경상북도 포항북구 학잠동
2022-02-08,포항자이 애서턴,101.97,64950,31,경상북도 포항북구 학잠동
2022-02-08,포항자이 애서턴,84.93,50100,7,경상북도 포항북구 학잠동
2022-02-08,포항자이 애서턴,84.93,47770,1,경상북도 포항북구 학잠동
2022-02-08,포항자이 애서턴,84.94,49650,6,경상북도 포항북구 학잠동
2022-02-08,포항자이 애서턴,84.91,51200,19,경상북도 포항북구 학잠동
2022-02-08,포항자이 애서턴,84.91,51960,25,경상북도 포항북구 학잠동
2022-02-08,포항자이 애서턴,84.91,51440,31,경상북도 포항북구 학잠동
2022-02-08,포항자이 애서턴,84.93,50050,9,경상북도 포항북구 학잠동
2022-02-08,포항자이 애서턴,101.89,63020,12,경상북도 포항북구 학잠동
2022-02-08,포항자이 애서턴,101.89,63920,21,경상북도 포항북구 학잠동
2022-02-09,포항자이 애서턴,84.93,51060,16,경상북도 포항북구 학잠동
2022-02-09,포항자이 애서턴,84.93,50860,15,경상북도 포항북구 학잠동
2022-02-09,포항자이 애서턴,84.91,50430,9,경상북도 포항북구 학잠동
2022-02-09,포항자이 애서턴,84.93,51620,20,경상북도 포항북구 학잠동
2022-02-09,포항자이 애서턴,84.93,50860,14,경상북도 포항북구 학잠동
2022-02-09,포항자이 애서턴,84.91,51960,21,경상북도 포항북구 학잠동
2022-02-09,포항자이 애서턴,84.93,50960,18,경상북도 포항북구 학잠동
2022-02-09,포항자이 애서턴,84.93,50100,8,경상북도 포항북구 학잠동
2022-02-09,포항자이 애서턴,84.93,50860,10,경상북도 포항북구 학잠동
2022-02-09,포항자이 애서턴,84.94,51150,26,경상북도 포항북구 학잠동
2022-02-09,포항자이 애서턴,84.97,56860,1,경상북도 포항북구 학잠동
2022-02-09,포항자이 애서턴,101.89,63120,17,경상북도 포항북구 학잠동
2022-02-09,포항자이 애서턴,84.91,51440,34,경상북도 포항북구 학잠동
2022-02-09,포항자이 애서턴,101.97,64250,32,경상북도 포항북구 학잠동
2022-02-09,포항자이 애서턴,101.94,62950,19,경상북도 포항북구 학잠동
2022-02-09,포항자이 애서턴,101.97,64350,35,경상북도 포항북구 학잠동
2022-02-09,포항자이 애서턴,84.91,51440,36,경상북도 포항북구 학잠동
2022-02-09,포항자이 애서턴,84.93,50860,11,경상북도 포항북구 학잠동
2022-02-09,포항자이 애서턴,101.95,69110,3,경상북도 포항북구 학잠동
2022-02-09,포항자이 애서턴,101.97,64350,36,경상북도 포항북구 학잠동
2022-02-10,포항자이 애서턴,101.97,64750,23,경상북도 포항북구 학잠동
2022-02-10,포항자이 애서턴,84.93,51620,26,경상북도 포항북구 학잠동
2022-02-10,포항자이 애서턴,84.91,50540,12,경상북도 포항북구 학잠동
2022-02-10,포항자이 애서턴,84.94,51150,22,경상북도 포항북구 학잠동
2022-02-10,포항자이 애서턴,101.97,64400,25,경상북도 포항북구 학잠동
2022-02-10,포항자이 애서턴,101.97,64400,26,경상북도 포항북구 학잠동
2022-02-10,포항자이 애서턴,101.89,63020,10,경상북도 포항북구 학잠동
2022-02-10,포항자이 애서턴,84.91,52110,23,경상북도 포항북구 학잠동
2022-02-10,포항자이 애서턴,84.93,50860,11,경상북도 포항북구 학잠동
2022-02-10,포항자이 애서턴,84.93,51620,20,경상북도 포항북구 학잠동
2022-02-10,포항자이 애서턴,84.94,51150,38,경상북도 포항북구 학잠동
2022-02-10,포항자이 애서턴,84.91,51200,17,경상북도 포항북구 학잠동
2022-02-10,포항자이 애서턴,101.89,63240,18,경상북도 포항북구 학잠동
2022-02-10,포항자이 애서턴,101.94,63990,35,경상북도 포항북구 학잠동
2022-02-10,포항자이 애서턴,84.91,51305,26,경상북도 포항북구 학잠동
2022-02-10,포항자이 애서턴,101.89,64270,26,경상북도 포항북구 학잠동
2022-02-10,포항자이 애서턴,101.94,63990,36,경상북도 포항북구 학잠동
2022-02-10,포항자이 애서턴,84.93,50100,9,경상북도 포항북구 학잠동
2022-02-10,포항자이 애서턴,84.91,51440,27,경상북도 포항북구 학잠동
2022-02-11,포항자이 애서턴,84.94,48850,4,경상북도 포항북구 학잠동
2022-02-11,포항자이 애서턴,101.95,66630,1,경상북도 포항북구 학잠동
2022-02-12,포항자이 애서턴,101.97,61460,4,경상북도 포항북구 학잠동
2022-02-12,포항자이 애서턴,84.94,47150,1,경상북도 포항북구 학잠동
2022-02-13,포항자이 애서턴,84.93,50960,13,경상북도 포항북구 학잠동
2022-02-13,포항자이 애서턴,84.91,51910,32,경상북도 포항북구 학잠동
2022-02-13,포항자이 애서턴,84.93,51720,25,경상북도 포항북구 학잠동
2022-02-13,포항자이 애서턴,84.93,51620,25,경상북도 포항북구 학잠동
2022-02-14,포항자이 애서턴,84.93,51720,28,경상북도 포항북구 학잠동
2022-02-14,포항자이 애서턴,101.89,63970,26,경상북도 포항북구 학잠동
2022-02-15,포항자이 애서턴,84.93,51470,29,경상북도 포항북구 학잠동
2022-02-15,포항자이 애서턴,84.94,51250,31,경상북도 포항북구 학잠동
2022-02-15,포항자이 애서턴,101.94,63990,22,경상북도 포항북구 학잠동
2022-02-15,포항자이 애서턴,84.93,50100,9,경상북도 포항북구 학잠동
2022-02-16,포항자이 애서턴,84.93,50080,7,경상북도 포항북구 학잠동
2022-02-17,포항자이 애서턴,84.93,50860,16,경상북도 포항북구 학잠동
2022-02-17,포항자이 애서턴,84.93,51620,21,경상북도 포항북구 학잠동
2022-02-17,포항자이 애서턴,84.93,51720,24,경상북도 포항북구 학잠동
2022-02-18,포항자이 애서턴,101.97,65000,37,경상북도 포항북구 학잠동
2022-02-18,포항자이 애서턴,101.95,68810,3,경상북도 포항북구 학잠동
2022-02-18,포항자이 애서턴,84.91,51180,12,경상북도 포항북구 학잠동
2022-02-18,포항자이 애서턴,101.89,63920,28,경상북도 포항북구 학잠동
2022-02-18,포항자이 애서턴,84.93,50860,14,경상북도 포항북구 학잠동
2022-02-18,포항자이 애서턴,101.89,64170,27,경상북도 포항북구 학잠동
2022-02-19,포항자이 애서턴,84.93,51620,23,경상북도 포항북구 학잠동
2022-02-19,포항자이 애서턴,84.93,50810,13,경상북도 포항북구 학잠동
2022-02-19,포항자이 애서턴,84.91,51960,35,경상북도 포항북구 학잠동
2022-02-19,포항자이 애서턴,101.89,63020,17,경상북도 포항북구 학잠동
2022-02-19,포항자이 애서턴,101.89,63020,18,경상북도 포항북구 학잠동
2022-02-20,포항자이 애서턴,84.94,51150,30,경상북도 포항북구 학잠동
2022-02-20,포항자이 애서턴,84.93,51570,23,경상북도 포항북구 학잠동
2022-02-21,포항자이 애서턴,101.97,64015,18,경상북도 포항북구 학잠동
2022-02-22,포항자이 애서턴,84.93,51620,20,경상북도 포항북구 학잠동
2022-02-22,포항자이 애서턴,101.89,63020,13,경상북도 포항북구 학잠동
2022-02-22,포항자이 애서턴,101.97,64050,23,경상북도 포항북구 학잠동
2022-02-22,포항자이 애서턴,84.91,51440,29,경상북도 포항북구 학잠동
2022-02-22,포항자이 애서턴,84.93,51820,25,경상북도 포항북구 학잠동
2022-02-23,포항자이 애서턴,84.91,51340,29,경상북도 포항북구 학잠동
2022-02-23,포항자이 애서턴,84.93,51620,25,경상북도 포항북구 학잠동
2022-02-23,포항자이 애서턴,84.93,50100,7,경상북도 포항북구 학잠동
2022-02-24,포항자이 애서턴,101.89,60200,2,경상북도 포항북구 학잠동
2022-02-24,포항자이 애서턴,84.93,51620,21,경상북도 포항북구 학잠동
2022-02-24,포항자이 애서턴,84.93,51920,30,경상북도 포항북구 학잠동
2022-02-24,포항자이 애서턴,101.89,64170,22,경상북도 포항북구 학잠동
2022-02-25,포항자이 애서턴,84.93,51620,26,경상북도 포항북구 학잠동
2022-02-25,포항자이 애서턴,84.93,51600,25,경상북도 포항북구 학잠동
2022-02-25,포항자이 애서턴,84.93,51620,24,경상북도 포항북구 학잠동
2022-02-25,포항자이 애서턴,84.94,49650,7,경상북도 포항북구 학잠동
2022-02-25,포항자이 애서턴,84.91,51140,29,경상북도 포항북구 학잠동
2022-02-25,포항자이 애서턴,84.93,50000,8,경상북도 포항북구 학잠동
2022-02-26,포항자이 애서턴,84.91,51440,38,경상북도 포항북구 학잠동
2022-02-26,포항자이 애서턴,84.93,49240,4,경상북도 포항북구 학잠동
2022-02-26,포항자이 애서턴,84.91,51140,21,경상북도 포항북구 학잠동
2022-02-26,포항자이 애서턴,84.91,49670,4,경상북도 포항북구 학잠동
2022-02-26,포항자이 애서턴,84.93,51620,25,경상북도 포항북구 학잠동
2022-02-26,포항자이 애서턴,125.94,78340,24,경상북도 포항북구 학잠동
2022-02-26,포항자이 애서턴,84.93,50100,8,경상북도 포항북구 학잠동
2022-02-26,포항자이 애서턴,84.93,51620,26,경상북도 포항북구 학잠동
2022-02-27,포항자이 애서턴,84.93,50860,16,경상북도 포항북구 학잠동
2022-02-27,포항자이 애서턴,101.89,61780,9,경상북도 포항북구 학잠동
2022-02-28,포항자이 애서턴,125.94,78540,26,경상북도 포항북구 학잠동
2022-02-28,포항자이 애서턴,84.91,51960,26,경상북도 포항북구 학잠동
2022-02-28,포항자이 애서턴,101.89,64170,22,경상북도 포항북구 학잠동
2022-02-28,포항자이 애서턴,84.93,51264,18,경상북도 포항북구 학잠동
2022-02-28,포항자이 애서턴,84.91,51094,14,경상북도 포항북구 학잠동
2022-02-28,포항자이 애서턴,84.93,50050,9,경상북도 포항북구 학잠동
2022-02-28,포항자이 애서턴,101.89,62030,7,경상북도 포항북구 학잠동
2022-02-28,포항자이 애서턴,84.93,49310,3,경상북도 포항북구 학잠동
2022-02-28,포항자이 애서턴,84.93,49290,4,경상북도 포항북구 학잠동
2022-02-28,포항자이 애서턴,84.93,51670,28,경상북도 포항북구 학잠동
2022-03-01,포항자이 애서턴,84.93,51820,28,경상북도 포항북구 학잠동
2022-03-01,포항자이 애서턴,101.89,63020,11,경상북도 포항북구 학잠동
2022-03-01,포항자이 애서턴,84.91,51960,30,경상북도 포항북구 학잠동
2022-03-01,포항자이 애서턴,84.93,50080,9,경상북도 포항북구 학잠동
2022-03-01,포항자이 애서턴,84.93,50000,5,경상북도 포항북구 학잠동
2022-03-01,포항자이 애서턴,84.93,51620,24,경상북도 포항북구 학잠동
2022-03-01,포항자이 애서턴,125.94,78640,28,경상북도 포항북구 학잠동
2022-03-01,포항자이 애서턴,84.93,51620,27,경상북도 포항북구 학잠동
2022-03-02,포항자이 애서턴,84.93,51620,30,경상북도 포항북구 학잠동
2022-03-02,포항자이 애서턴,84.91,51910,28,경상북도 포항북구 학잠동
2022-03-02,포항자이 애서턴,84.93,49900,5,경상북도 포항북구 학잠동
2022-03-03,포항자이 애서턴,101.97,64350,27,경상북도 포항북구 학잠동
2022-03-03,포항자이 애서턴,125.94,77240,17,경상북도 포항북구 학잠동
2022-03-03,포항자이 애서턴,84.93,50200,7,경상북도 포항북구 학잠동
2022-03-03,포항자이 애서턴,84.93,51720,26,경상북도 포항북구 학잠동
2022-03-03,포항자이 애서턴,84.93,51520,20,경상북도 포항북구 학잠동
2022-03-03,포항자이 애서턴,101.97,64950,34,경상북도 포항북구 학잠동
2022-03-03,포항자이 애서턴,84.93,51620,23,경상북도 포항북구 학잠동
2022-03-03,포항자이 애서턴,101.89,60150,2,경상북도 포항북구 학잠동
2022-03-03,포항자이 애서턴,101.89,63120,18,경상북도 포항북구 학잠동
2022-03-03,포항자이 애서턴,84.93,51670,20,경상북도 포항북구 학잠동
2022-03-03,포항자이 애서턴,84.93,51320,21,경상북도 포항북구 학잠동
2022-03-03,포항자이 애서턴,101.89,62720,16,경상북도 포항북구 학잠동
2022-03-03,포항자이 애서턴,84.91,51960,38,경상북도 포항북구 학잠동
2022-03-03,포항자이 애서턴,125.94,78540,28,경상북도 포항북구 학잠동
2022-03-04,포항자이 애서턴,84.93,50860,14,경상북도 포항북구 학잠동
2022-03-04,포항자이 애서턴,84.93,50080,6,경상북도 포항북구 학잠동
2022-03-04,포항자이 애서턴,101.97,65000,30,경상북도 포항북구 학잠동
2022-03-04,포항자이 애서턴,84.93,50840,13,경상북도 포항북구 학잠동
2022-03-04,포항자이 애서턴,125.94,77290,18,경상북도 포항북구 학잠동
2022-03-05,포항자이 애서턴,84.93,51720,29,경상북도 포항북구 학잠동
2022-03-06,포항자이 애서턴,84.93,50000,6,경상북도 포항북구 학잠동
2022-03-06,포항자이 애서턴,101.95,70300,3,경상북도 포항북구 학잠동
2022-03-06,포항자이 애서턴,84.93,49800,6,경상북도 포항북구 학잠동
2022-03-07,포항자이 애서턴,101.89,64070,20,경상북도 포항북구 학잠동
2022-03-08,포항자이 애서턴,125.94,77390,14,경상북도 포항북구 학잠동
2022-03-08,포항자이 애서턴,84.91,50640,18,경상북도 포항북구 학잠동
2022-03-09,포항자이 애서턴,84.91,51140,23,경상북도 포항북구 학잠동
2022-03-09,포항자이 애서턴,84.93,50810,16,경상북도 포항북구 학잠동
2022-03-09,포항자이 애서턴,84.91,52060,29,경상북도 포항북구 학잠동
2022-03-10,포항자이 애서턴,84.93,52020,30,경상북도 포항북구 학잠동
2022-03-10,포항자이 애서턴,101.97,64150,34,경상북도 포항북구 학잠동
2022-03-10,포항자이 애서턴,84.91,51420,20,경상북도 포항북구 학잠동
2022-03-10,포항자이 애서턴,84.93,47470,1,경상북도 포항북구 학잠동
2022-03-10,포항자이 애서턴,84.91,50590,14,경상북도 포항북구 학잠동
2022-03-11,포항자이 애서턴,84.91,51200,18,경상북도 포항북구 학잠동
2022-03-12,포항자이 애서턴,101.89,62080,9,경상북도 포항북구 학잠동
2022-03-12,포항자이 애서턴,84.91,47690,1,경상북도 포항북구 학잠동
2022-03-13,포항자이 애서턴,84.93,51720,27,경상북도 포항북구 학잠동
2022-03-14,포항자이 애서턴,101.97,62160,6,경상북도 포항북구 학잠동
2022-03-14,포항자이 애서턴,84.91,51170,15,경상북도 포항북구 학잠동
2022-03-14,포항자이 애서턴,84.93,51620,25,경상북도 포항북구 학잠동
2022-03-14,포항자이 애서턴,84.91,50900,10,경상북도 포항북구 학잠동
2022-03-15,포항자이 애서턴,84.93,47270,1,경상북도 포항북구 학잠동
2022-03-16,포항자이 애서턴,101.94,63690,31,경상북도 포항북구 학잠동
2022-03-17,포항자이 애서턴,101.89,64070,27,경상북도 포항북구 학잠동
2022-03-17,포항자이 애서턴,84.94,50230,6,경상북도 포항북구 학잠동
2022-03-17,포항자이 애서턴,84.94,50850,33,경상북도 포항북구 학잠동
2022-03-17,포항자이 애서턴,84.94,50850,37,경상북도 포항북구 학잠동
2022-03-19,포항자이 애서턴,84.93,51720,24,경상북도 포항북구 학잠동
2022-03-20,포항자이 애서턴,101.97,64300,34,경상북도 포항북구 학잠동
2022-03-20,포항자이 애서턴,84.91,51200,12,경상북도 포항북구 학잠동
2022-03-21,포항자이 애서턴,84.91,51760,30,경상북도 포항북구 학잠동
2022-03-21,포항자이 애서턴,84.91,50900,19,경상북도 포항북구 학잠동
2022-03-21,포항자이 애서턴,84.91,48860,2,경상북도 포항북구 학잠동
2022-03-21,포항자이 애서턴,84.91,50130,7,경상북도 포항북구 학잠동
2022-03-22,포항자이 애서턴,84.93,50810,10,경상북도 포항북구 학잠동
2022-03-23,포항자이 애서턴,101.97,64350,37,경상북도 포항북구 학잠동
2022-03-23,포항자이 애서턴,101.89,63020,12,경상북도 포항북구 학잠동
2022-03-24,포항자이 애서턴,84.93,50080,8,경상북도 포항북구 학잠동
2022-03-24,포항자이 애서턴,101.97,64250,32,경상북도 포항북구 학잠동
2022-03-24,포항자이 애서턴,84.93,51720,29,경상북도 포항북구 학잠동
2022-03-25,포항자이 애서턴,101.89,60840,3,경상북도 포항북구 학잠동
2022-03-27,포항자이 애서턴,84.91,51390,34,경상북도 포항북구 학잠동
2022-03-29,포항자이 애서턴,101.97,65000,23,경상북도 포항북구 학잠동
2022-03-29,포항자이 애서턴,125.94,77190,10,경상북도 포항북구 학잠동
2022-03-30,포항자이 애서턴,84.91,51960,34,경상북도 포항북구 학잠동
2022-03-30,포항자이 애서턴,84.93,51570,22,경상북도 포항북구 학잠동
2022-03-31,포항자이 애서턴,84.93,52070,22,경상북도 포항북구 학잠동
2022-03-31,포항자이 애서턴,101.97,64050,30,경상북도 포항북구 학잠동
2022-04-03,포항자이 애서턴,84.93,51620,21,경상북도 포항북구 학잠동
2022-04-04,포항자이 애서턴,84.93,51820,22,경상북도 포항북구 학잠동
2022-04-06,포항자이 애서턴,84.93,50910,13,경상북도 포항북구 학잠동
2022-04-10,포항자이 애서턴,84.93,51820,26,경상북도 포항북구 학잠동
2022-04-11,포항자이 애서턴,84.93,50860,10,경상북도 포항북구 학잠동
2022-04-11,포항자이 애서턴,101.94,62750,18,경상북도 포항북구 학잠동
2022-04-12,포항자이 애서턴,84.91,51200,17,경상북도 포항북구 학잠동
2022-04-12,포항자이 애서턴,101.97,64350,30,경상북도 포항북구 학잠동
2022-04-12,포항자이 애서턴,101.95,68350,2,경상북도 포항북구 학잠동
2022-04-13,포항자이 애서턴,84.93,50080,6,경상북도 포항북구 학잠동
2022-04-13,포항자이 애서턴,84.94,51050,22,경상북도 포항북구 학잠동
2022-04-13,포항자이 애서턴,84.93,51720,22,경상북도 포항북구 학잠동
2022-04-13,포항자이 애서턴,101.94,64190,34,경상북도 포항북구 학잠동
2022-04-14,포항자이 애서턴,101.94,63960,24,경상북도 포항북구 학잠동
2022-04-16,포항자이 애서턴,101.94,63990,33,경상북도 포항북구 학잠동
2022-04-16,포항자이 애서턴,84.94,50400,14,경상북도 포항북구 학잠동
2022-04-16,포항자이 애서턴,101.89,64070,25,경상북도 포항북구 학잠동
2022-04-18,포항자이 애서턴,101.89,61780,5,경상북도 포항북구 학잠동
2022-04-18,포항자이 애서턴,84.93,50860,12,경상북도 포항북구 학잠동
2022-04-18,포항자이 애서턴,101.89,62680,7,경상북도 포항북구 학잠동
2022-04-18,포항자이 애서턴,84.93,51620,28,경상북도 포항북구 학잠동
2022-04-18,포항자이 애서턴,101.89,62030,6,경상북도 포항북구 학잠동
2022-04-18,포항자이 애서턴,84.94,49650,6,경상북도 포항북구 학잠동
2022-04-19,포항자이 애서턴,84.93,51820,27,경상북도 포항북구 학잠동
2022-04-19,포항자이 애서턴,125.94,77290,19,경상북도 포항북구 학잠동
2022-04-19,포항자이 애서턴,84.94,51550,25,경상북도 포항북구 학잠동
2022-04-19,포항자이 애서턴,84.93,51585,32,경상북도 포항북구 학잠동
2022-04-19,포항자이 애서턴,84.93,50860,15,경상북도 포항북구 학잠동
2022-04-20,포항자이 애서턴,101.97,64050,25,경상북도 포항북구 학잠동
2022-04-20,포항자이 애서턴,84.93,50100,8,경상북도 포항북구 학잠동
2022-04-21,포항자이 애서턴,84.91,51390,37,경상북도 포항북구 학잠동
2022-04-22,포항자이 애서턴,84.93,50840,12,경상북도 포항북구 학잠동
2022-04-23,포항자이 애서턴,84.94,51200,37,경상북도 포항북구 학잠동
2022-04-24,포항자이 애서턴,84.93,50100,5,경상북도 포항북구 학잠동
2022-04-25,포항자이 애서턴,84.93,50910,17,경상북도 포항북구 학잠동
2022-04-25,포항자이 애서턴,84.91,50430,8,경상북도 포항북구 학잠동
2022-04-25,포항자이 애서턴,84.93,50860,19,경상북도 포항북구 학잠동
2022-04-25,포항자이 애서턴,84.91,52990,14,경상북도 포항북구 학잠동
2022-04-26,포항자이 애서턴,84.93,51720,31,경상북도 포항북구 학잠동
2022-04-26,포항자이 애서턴,84.94,48900,3,경상북도 포항북구 학잠동
2022-04-26,포항자이 애서턴,84.93,53260,18,경상북도 포항북구 학잠동
2022-04-27,포항자이 애서턴,84.91,50900,12,경상북도 포항북구 학잠동
2022-04-28,포항자이 애서턴,84.91,51960,24,경상북도 포항북구 학잠동
2022-04-28,포항자이 애서턴,84.91,50390,11,경상북도 포항북구 학잠동
2022-05-01,포항자이 애서턴,84.93,50300,9,경상북도 포항북구 학잠동
2022-05-02,포항자이 애서턴,84.93,50840,12,경상북도 포항북구 학잠동
2022-05-03,포항자이 애서턴,84.93,50100,8,경상북도 포항북구 학잠동
2022-05-12,포항자이 애서턴,101.94,62750,14,경상북도 포항북구 학잠동
2022-05-13,포항자이 애서턴,84.94,50050,9,경상북도 포항북구 학잠동
2022-05-13,포항자이 애서턴,101.95,68730,2,경상북도 포항북구 학잠동
2022-05-16,포항자이 애서턴,101.97,64350,35,경상북도 포항북구 학잠동
2022-05-16,포항자이 애서턴,101.97,65150,35,경상북도 포항북구 학잠동
2022-05-17,포항자이 애서턴,84.93,50810,15,경상북도 포항북구 학잠동
2022-05-17,포항자이 애서턴,84.94,49650,7,경상북도 포항북구 학잠동
2022-05-17,포항자이 애서턴,84.93,51720,22,경상북도 포항북구 학잠동
2022-05-18,포항자이 애서턴,84.93,51920,25,경상북도 포항북구 학잠동
2022-05-18,포항자이 애서턴,84.94,50100,19,경상북도 포항북구 학잠동
2022-05-19,포항자이 애서턴,84.93,51820,29,경상북도 포항북구 학잠동
2022-05-23,포항자이 애서턴,84.93,50960,12,경상북도 포항북구 학잠동
2022-05-23,포항자이 애서턴,84.93,51710,12,경상북도 포항북구 학잠동
2022-05-24,포항자이 애서턴,84.93,52120,21,경상북도 포항북구 학잠동
2022-05-25,포항자이 애서턴,84.94,51150,27,경상북도 포항북구 학잠동
2022-06-04,포항자이 애서턴,101.94,62850,18,경상북도 포항북구 학잠동
2022-06-04,포항자이 애서턴,84.93,49340,3,경상북도 포항북구 학잠동
2022-06-06,포항자이 애서턴,101.97,64800,21,경상북도 포항북구 학잠동
2022-06-06,포항자이 애서턴,101.97,64350,34,경상북도 포항북구 학잠동
2022-06-08,포항자이 애서턴,84.93,51452,17,경상북도 포항북구 학잠동
2022-06-09,포항자이 애서턴,84.93,50960,14,경상북도 포항북구 학잠동
2022-06-10,포항자이 애서턴,84.94,51250,28,경상북도 포항북구 학잠동
2022-06-11,포항자이 애서턴,84.93,51720,27,경상북도 포항북구 학잠동
2022-06-14,포항자이 애서턴,101.89,64170,25,경상북도 포항북구 학잠동
2022-06-14,포항자이 애서턴,101.89,65859,25,경상북도 포항북구 학잠동
2022-06-14,포항자이 애서턴,101.89,65760,25,경상북도 포항북구 학잠동
2022-06-20,포항자이 애서턴,84.93,50810,19,경상북도 포항북구 학잠동
2022-06-25,포항자이 애서턴,84.93,50960,19,경상북도 포항북구 학잠동
2022-06-27,포항자이 애서턴,84.93,51720,27,경상북도 포항북구 학잠동
2022-07-01,포항자이 애서턴,125.94,73899,2,경상북도 포항북구 학잠동
2022-07-02,포항자이 애서턴,84.93,53173,27,경상북도 포항북구 학잠동
2022-07-03,포항자이 애서턴,84.93,49203,2,경상북도 포항북구 학잠동
2022-07-04,포항자이 애서턴,84.93,52363,22,경상북도 포항북구 학잠동
2022-07-04,포항자이 애서턴,84.93,50860,16,경상북도 포항북구 학잠동
2022-07-04,포항자이 애서턴,84.93,50860,12,경상북도 포항북구 학잠동
2022-07-07,포항자이 애서턴,84.93,51570,28,경상북도 포항북구 학잠동
2022-07-07,포항자이 애서턴,84.93,51705,28,경상북도 포항북구 학잠동
2022-07-08,포항자이 애서턴,84.93,51720,28,경상북도 포항북구 학잠동
2022-07-08,포항자이 애서턴,84.93,52200,28,경상북도 포항북구 학잠동
2022-07-11,포항자이 애서턴,84.91,52360,17,경상북도 포항북구 학잠동
2022-07-11,포항자이 애서턴,84.93,50502,4,경상북도 포항북구 학잠동
2022-07-13,포항자이 애서턴,84.91,52363,33,경상북도 포항북구 학잠동
2022-07-13,포항자이 애서턴,125.94,75930,5,경상북도 포항북구 학잠동
2022-07-13,포항자이 애서턴,125.94,75930,6,경상북도 포항북구 학잠동
2022-07-13,포항자이 애서턴,84.93,51475,14,경상북도 포항북구 학잠동
2022-07-13,포항자이 애서턴,84.91,52160,38,경상북도 포항북구 학잠동
2022-07-15,포항자이 애서턴,84.93,52345,25,경상북도 포항북구 학잠동
2022-07-15,포항자이 애서턴,101.89,65524,27,경상북도 포항북구 학잠동
2022-07-25,포항자이 애서턴,84.91,51866,23,경상북도 포항북구 학잠동
2022-08-01,포항자이 애서턴,125.94,80350,17,경상북도 포항북구 학잠동
2022-08-08,포항자이 애서턴,84.93,49040,4,경상북도 포항북구 학잠동
2022-08-09,포항자이 애서턴,84.94,48435,8,경상북도 포항북구 학잠동
2022-08-17,포항자이 애서턴,84.91,49160,2,경상북도 포항북구 학잠동
2022-09-07,포항자이 애서턴,101.97,64775,25,경상북도 포항북구 학잠동
2022-09-07,포항자이 애서턴,125.94,76690,5,경상북도 포항북구 학잠동
2022-09-13,포항자이 애서턴,101.97,63571,17,경상북도 포항북구 학잠동
2022-09-13,포항자이 애서턴,101.94,61834,3,경상북도 포항북구 학잠동
2022-09-13,포항자이 애서턴,101.97,65578,31,경상북도 포항북구 학잠동
2022-09-14,포항자이 애서턴,101.97,63865,12,경상북도 포항북구 학잠동
2022-09-15,포항자이 애서턴,101.89,61940,6,경상북도 포항북구 학잠동
2022-09-22,포항자이 애서턴,84.91,50900,14,경상북도 포항북구 학잠동
2022-09-22,포항자이 애서턴,84.91,53240,14,경상북도 포항북구 학잠동
2022-09-23,포항자이 애서턴,84.91,51669,35,경상북도 포항북구 학잠동
2022-09-23,포항자이 애서턴,84.93,51153,5,경상북도 포항북구 학잠동
2022-09-29,포항자이 애서턴,84.91,49335,4,경상북도 포항북구 학잠동
2022-10-07,포항자이 애서턴,84.93,48780,2,경상북도 포항북구 학잠동
2022-10-11,포항자이 애서턴,101.94,64361,10,경상북도 포항북구 학잠동
2023-01-03,포항자이 애서턴,84.93,50482,9,경상북도 포항북구 학잠동
2023-01-06,포항자이 애서턴,101.89,65524,27,경상북도 포항북구 학잠동
2023-01-09,포항자이 애서턴,84.91,53012,37,경상북도 포항북구 학잠동
2023-02-15,포항자이 애서턴,84.93,50378,6,경상북도 포항북구 학잠동
2023-02-18,포항자이 애서턴,84.94,46354,5,경상북도 포항북구 학잠동
2023-02-20,포항자이 애서턴,84.93,50935,23,경상북도 포항북구 학잠동
2023-03-10,포항자이 애서턴,84.93,51540,18,경상북도 포항북구 학잠동
2023-03-13,포항자이 애서턴,84.93,49800,9,경상북도 포항북구 학잠동
2023-05-05,포항자이 애서턴,84.93,52628,21,경상북도 포항북구 학잠동
2022-03-02,포항자이 디오션,84.85,62320,19,경상북도 포항북구 항구동
2022-03-03,포항자이 디오션,84.97,61890,15,경상북도 포항북구 항구동
2022-03-03,포항자이 디오션,84.97,63750,36,경상북도 포항북구 항구동
2022-03-03,포항자이 디오션,84.92,62470,26,경상북도 포항북구 항구동
2022-03-03,포항자이 디오션,84.92,62370,27,경상북도 포항북구 항구동
2022-03-03,포항자이 디오션,84.97,65500,40,경상북도 포항북구 항구동
2022-03-03,포항자이 디오션,84.92,62570,29,경상북도 포항북구 항구동
2022-03-04,포항자이 디오션,84.97,62720,28,경상북도 포항북구 항구동
2022-03-04,포항자이 디오션,84.97,59520,37,경상북도 포항북구 항구동
2022-03-05,포항자이 디오션,84.85,63550,26,경상북도 포항북구 항구동
2022-03-05,포항자이 디오션,84.92,63200,32,경상북도 포항북구 항구동
2022-03-07,포항자이 디오션,84.97,61270,41,경상북도 포항북구 항구동
2022-03-07,포항자이 디오션,84.97,61070,42,경상북도 포항북구 항구동
2022-03-08,포항자이 디오션,84.92,62370,25,경상북도 포항북구 항구동
2022-03-10,포항자이 디오션,84.92,62370,23,경상북도 포항북구 항구동
2022-03-10,포항자이 디오션,84.92,65050,40,경상북도 포항북구 항구동
2022-03-11,포항자이 디오션,84.92,61440,19,경상북도 포항북구 항구동
2022-03-11,포항자이 디오션,84.92,64950,40,경상북도 포항북구 항구동
2022-03-12,포항자이 디오션,84.97,61790,16,경상북도 포항북구 항구동
2022-03-13,포항자이 디오션,84.97,63750,32,경상북도 포항북구 항구동
2022-03-13,포항자이 디오션,84.85,64280,38,경상북도 포항북구 항구동
2022-03-13,포항자이 디오션,84.92,64950,41,경상북도 포항북구 항구동
2022-03-14,포항자이 디오션,84.97,57650,18,경상북도 포항북구 항구동
2022-03-14,포항자이 디오션,84.92,63400,36,경상북도 포항북구 항구동
2022-03-14,포항자이 디오션,84.97,60760,11,경상북도 포항북구 항구동
2022-03-14,포항자이 디오션,84.92,65150,44,경상북도 포항북구 항구동
2022-03-14,포항자이 디오션,84.92,60510,10,경상북도 포항북구 항구동
2022-03-14,포항자이 디오션,84.97,59520,35,경상북도 포항북구 항구동
2022-03-14,포항자이 디오션,84.92,63400,33,경상북도 포항북구 항구동
2022-03-14,포항자이 디오션,84.92,62370,20,경상북도 포항북구 항구동
2022-03-14,포항자이 디오션,84.85,63350,27,경상북도 포항북구 항구동
2022-03-14,포항자이 디오션,84.85,62320,18,경상북도 포항북구 항구동
2022-03-14,포항자이 디오션,84.92,62370,28,경상북도 포항북구 항구동
2022-03-14,포항자이 디오션,84.97,59620,33,경상북도 포항북구 항구동
2022-03-14,포항자이 디오션,84.92,62270,21,경상북도 포항북구 항구동
2022-03-14,포항자이 디오션,84.97,61270,43,경상북도 포항북구 항구동
2022-03-14,포항자이 디오션,84.92,62420,24,경상북도 포항북구 항구동
2022-03-14,포항자이 디오션,84.92,61340,18,경상북도 포항북구 항구동
2022-03-14,포항자이 디오션,84.97,59520,36,경상북도 포항북구 항구동
2022-03-14,포항자이 디오션,84.97,61270,40,경상북도 포항북구 항구동
2022-03-14,포항자이 디오션,84.97,62720,25,경상북도 포항북구 항구동
2022-03-15,포항자이 디오션,84.97,61890,14,경상북도 포항북구 항구동
2022-03-15,포항자이 디오션,84.97,58680,28,경상북도 포항북구 항구동
2022-03-15,포항자이 디오션,84.97,59720,38,경상북도 포항북구 항구동
2022-03-15,포항자이 디오션,84.92,62370,21,경상북도 포항북구 항구동
2022-03-15,포항자이 디오션,84.92,63400,36,경상북도 포항북구 항구동
2022-03-15,포항자이 디오션,84.97,59620,32,경상북도 포항북구 항구동
2022-03-15,포항자이 디오션,84.92,62370,23,경상북도 포항북구 항구동
2022-03-15,포항자이 디오션,84.97,62820,21,경상북도 포항북구 항구동
2022-03-15,포항자이 디오션,84.97,59830,9,경상북도 포항북구 항구동
2022-03-15,포항자이 디오션,84.97,60860,12,경상북도 포항북구 항구동
2022-03-16,포항자이 디오션,84.92,63400,35,경상북도 포항북구 항구동
2022-03-16,포항자이 디오션,84.97,58680,23,경상북도 포항북구 항구동
2022-03-16,포항자이 디오션,84.85,63350,24,경상북도 포항북구 항구동
2022-03-16,포항자이 디오션,84.92,61440,16,경상북도 포항북구 항구동
2022-03-16,포항자이 디오션,84.92,63500,38,경상북도 포항북구 항구동
2022-03-18,포항자이 디오션,84.97,56720,12,경상북도 포항북구 항구동
2022-03-18,포항자이 디오션,84.97,63320,20,경상북도 포항북구 항구동
2022-03-19,포항자이 디오션,84.92,63400,31,경상북도 포항북구 항구동
2022-03-20,포항자이 디오션,84.92,65050,44,경상북도 포항북구 항구동
2022-03-20,포항자이 디오션,84.97,57650,17,경상북도 포항북구 항구동
2022-03-21,포항자이 디오션,84.97,57650,16,경상북도 포항북구 항구동
2022-03-21,포항자이 디오션,84.92,61440,19,경상북도 포항북구 항구동
2022-03-21,포항자이 디오션,84.97,58680,25,경상북도 포항북구 항구동
2022-03-21,포항자이 디오션,84.85,63780,30,경상북도 포항북구 항구동
2022-03-22,포항자이 디오션,84.92,63300,31,경상북도 포항북구 항구동
2022-03-23,포항자이 디오션,84.92,60410,10,경상북도 포항북구 항구동
2022-03-25,포항자이 디오션,84.92,63400,33,경상북도 포항북구 항구동
2022-03-25,포항자이 디오션,84.92,63400,39,경상북도 포항북구 항구동
2022-03-25,포항자이 디오션,84.92,63400,30,경상북도 포항북구 항구동
2022-03-26,포항자이 디오션,84.97,61890,19,경상북도 포항북구 항구동
2022-03-26,포항자이 디오션,84.92,64950,42,경상북도 포항북구 항구동
2022-03-27,포항자이 디오션,84.97,65150,43,경상북도 포항북구 항구동
2022-03-27,포항자이 디오션,84.97,57650,14,경상북도 포항북구 항구동
2022-03-27,포항자이 디오션,84.97,59620,34,경상북도 포항북구 항구동
2022-03-27,포항자이 디오션,84.92,60410,11,경상북도 포항북구 항구동
2022-03-27,포항자이 디오션,84.85,64230,31,경상북도 포항북구 항구동
2022-03-27,포항자이 디오션,84.97,63020,26,경상북도 포항북구 항구동
2022-03-28,포항자이 디오션,84.85,62320,17,경상북도 포항북구 항구동
2022-03-28,포항자이 디오션,84.92,59480,9,경상북도 포항북구 항구동
2022-03-28,포항자이 디오션,84.97,63750,30,경상북도 포항북구 항구동
2022-03-29,포항자이 디오션,84.97,57650,13,경상북도 포항북구 항구동
2022-03-29,포항자이 디오션,84.85,66320,43,경상북도 포항북구 항구동
2022-03-30,포항자이 디오션,84.92,63400,35,경상북도 포항북구 항구동
2022-03-30,포항자이 디오션,84.97,56720,10,경상북도 포항북구 항구동
2022-03-31,포항자이 디오션,84.92,63500,32,경상북도 포항북구 항구동
2022-04-01,포항자이 디오션,84.97,57750,19,경상북도 포항북구 항구동
2022-04-02,포항자이 디오션,84.92,61440,16,경상북도 포항북구 항구동
2022-04-07,포항자이 디오션,84.85,62370,15,경상북도 포항북구 항구동
2022-04-08,포항자이 디오션,84.92,61340,14,경상북도 포항북구 항구동
2022-04-11,포항자이 디오션,84.92,61440,17,경상북도 포항북구 항구동
2022-04-12,포항자이 디오션,84.97,58680,27,경상북도 포항북구 항구동
2022-04-13,포항자이 디오션,84.85,64300,34,경상북도 포항북구 항구동
2022-04-24,포항자이 디오션,84.92,59480,9,경상북도 포항북구 항구동
2022-04-25,포항자이 디오션,84.97,56770,11,경상북도 포항북구 항구동
2022-04-25,포항자이 디오션,84.85,61290,10,경상북도 포항북구 항구동
2022-05-02,포항자이 디오션,84.97,63450,34,경상북도 포항북구 항구동
2022-05-20,포항자이 디오션,84.92,62270,25,경상북도 포항북구 항구동
2022-05-25,포항자이 디오션,84.92,61240,13,경상북도 포항북구 항구동
2022-05-27,포항자이 디오션,84.92,62220,20,경상북도 포항북구 항구동
2022-05-31,포항자이 디오션,84.85,55980,27,경상북도 포항북구 항구동
2022-06-02,포항자이 디오션,84.97,63320,21,경상북도 포항북구 항구동
2022-06-04,포항자이 디오션,84.85,58500,41,경상북도 포항북구 항구동
2022-06-13,포항자이 디오션,84.92,63516,23,경상북도 포항북구 항구동
2022-07-09,포항자이 디오션,84.92,63700,33,경상북도 포항북구 항구동
2022-07-11,포항자이 디오션,84.92,63700,33,경상북도 포항북구 항구동
2022-07-19,포항자이 디오션,84.97,57259,12,경상북도 포항북구 항구동
2022-09-27,포항자이 디오션,84.97,66415,44,경상북도 포항북구 항구동
2023-01-09,포항자이 디오션,84.92,65000,41,경상북도 포항북구 항구동
2023-01-16,포항자이 디오션,84.97,63750,30,경상북도 포항북구 항구동
2023-01-17,포항자이 디오션,84.92,63340,31,경상북도 포항북구 항구동
2022-01-01,흥해 서희스타힐스 더 캐슬,59.99,18266,11,경상북도 포항북구 흥해읍 옥성리
2022-01-04,흥해 서희스타힐스 더 캐슬,59.96,20490,4,경상북도 포항북구 흥해읍 옥성리
2022-01-10,흥해 서희스타힐스 더 캐슬,84.95,25485,25,경상북도 포항북구 흥해읍 옥성리
2022-01-12,흥해 서희스타힐스 더 캐슬,74.98,25130,7,경상북도 포항북구 흥해읍 옥성리
2022-01-12,흥해 서희스타힐스 더 캐슬,74.98,22495,22,경상북도 포항북구 흥해읍 옥성리
2022-01-13,흥해 서희스타힐스 더 캐슬,74.98,23095,12,경상북도 포항북구 흥해읍 옥성리
2022-01-26,흥해 서희스타힐스 더 캐슬,84.95,27680,6,경상북도 포항북구 흥해읍 옥성리
2022-02-03,흥해 서희스타힐스 더 캐슬,84.95,27780,22,경상북도 포항북구 흥해읍 옥성리
2022-02-06,흥해 서희스타힐스 더 캐슬,59.99,20240,15,경상북도 포항북구 흥해읍 옥성리
2022-02-07,흥해 서희스타힐스 더 캐슬,59.96,20440,22,경상북도 포항북구 흥해읍 옥성리
2022-02-07,흥해 서희스타힐스 더 캐슬,59.96,21000,22,경상북도 포항북구 흥해읍 옥성리
2022-02-09,흥해 서희스타힐스 더 캐슬,84.95,28330,24,경상북도 포항북구 흥해읍 옥성리
2022-02-15,흥해 서희스타힐스 더 캐슬,59.96,20740,13,경상북도 포항북구 흥해읍 옥성리
2022-02-16,흥해 서희스타힐스 더 캐슬,84.95,25985,18,경상북도 포항북구 흥해읍 옥성리
2022-02-18,흥해 서희스타힐스 더 캐슬,59.99,18766,18,경상북도 포항북구 흥해읍 옥성리
2022-02-22,흥해 서희스타힐스 더 캐슬,74.98,25786,18,경상북도 포항북구 흥해읍 옥성리
2022-02-26,흥해 서희스타힐스 더 캐슬,59.99,20290,18,경상북도 포항북구 흥해읍 옥성리
2022-02-28,흥해 서희스타힐스 더 캐슬,74.98,22945,18,경상북도 포항북구 흥해읍 옥성리
2022-02-28,흥해 서희스타힐스 더 캐슬,74.98,22695,18,경상북도 포항북구 흥해읍 옥성리
2022-02-28,흥해 서희스타힐스 더 캐슬,84.95,29630,24,경상북도 포항북구 흥해읍 옥성리
2022-02-28,흥해 서희스타힐스 더 캐슬,84.95,28530,24,경상북도 포항북구 흥해읍 옥성리
2022-03-03,흥해 서희스타힐스 더 캐슬,84.95,25485,14,경상북도 포항북구 흥해읍 옥성리
2022-03-11,흥해 서희스타힐스 더 캐슬,59.99,20090,8,경상북도 포항북구 흥해읍 옥성리
2022-03-24,흥해 서희스타힐스 더 캐슬,59.96,20690,17,경상북도 포항북구 흥해읍 옥성리
2022-04-01,흥해 서희스타힐스 더 캐슬,74.98,22495,16,경상북도 포항북구 흥해읍 옥성리
2022-04-04,흥해 서희스타힐스 더 캐슬,84.95,27957,2,경상북도 포항북구 흥해읍 옥성리
2022-04-07,흥해 서희스타힐스 더 캐슬,59.99,20500,25,경상북도 포항북구 흥해읍 옥성리
2022-04-10,흥해 서희스타힐스 더 캐슬,59.96,18970,14,경상북도 포항북구 흥해읍 옥성리
2022-04-13,흥해 서희스타힐스 더 캐슬,84.95,26585,19,경상북도 포항북구 흥해읍 옥성리
2022-04-19,흥해 서희스타힐스 더 캐슬,74.98,25230,5,경상북도 포항북구 흥해읍 옥성리
2022-04-20,흥해 서희스타힐스 더 캐슬,59.99,20390,8,경상북도 포항북구 흥해읍 옥성리
2022-04-20,흥해 서희스타힐스 더 캐슬,59.96,20490,14,경상북도 포항북구 흥해읍 옥성리
2022-04-24,흥해 서희스타힐스 더 캐슬,59.99,18320,1,경상북도 포항북구 흥해읍 옥성리
2022-04-25,흥해 서희스타힐스 더 캐슬,59.99,20090,8,경상북도 포항북구 흥해읍 옥성리
2022-04-28,흥해 서희스타힐스 더 캐슬,59.99,18766,18,경상북도 포항북구 흥해읍 옥성리
2022-05-02,흥해 서희스타힐스 더 캐슬,59.96,20640,8,경상북도 포항북구 흥해읍 옥성리
2022-05-17,흥해 서희스타힐스 더 캐슬,84.95,28430,23,경상북도 포항북구 흥해읍 옥성리
2022-06-13,흥해 서희스타힐스 더 캐슬,74.98,22995,15,경상북도 포항북구 흥해읍 옥성리
2022-06-18,흥해 서희스타힐스 더 캐슬,84.95,24585,1,경상북도 포항북구 흥해읍 옥성리
2022-06-28,흥해 서희스타힐스 더 캐슬,59.96,20440,15,경상북도 포항북구 흥해읍 옥성리
2022-07-04,흥해 서희스타힐스 더 캐슬,59.99,19686,3,경상북도 포항북구 흥해읍 옥성리
2022-07-08,흥해 서희스타힐스 더 캐슬,84.95,27530,9,경상북도 포항북구 흥해읍 옥성리
2022-07-13,흥해 서희스타힐스 더 캐슬,59.96,20490,7,경상북도 포항북구 흥해읍 옥성리
2022-07-19,흥해 서희스타힐스 더 캐슬,59.99,20950,20,경상북도 포항북구 흥해읍 옥성리
2022-07-29,흥해 서희스타힐스 더 캐슬,84.95,28800,25,경상북도 포항북구 흥해읍 옥성리
2022-08-02,흥해 서희스타힐스 더 캐슬,59.99,20440,7,경상북도 포항북구 흥해읍 옥성리
2022-08-22,흥해 서희스타힐스 더 캐슬,59.99,18766,21,경상북도 포항북구 흥해읍 옥성리
2022-08-24,흥해 서희스타힐스 더 캐슬,74.98,24430,10,경상북도 포항북구 흥해읍 옥성리
2022-09-13,흥해 서희스타힐스 더 캐슬,59.96,19780,3,경상북도 포항북구 흥해읍 옥성리
2022-09-14,흥해 서희스타힐스 더 캐슬,59.96,17320,5,경상북도 포항북구 흥해읍 옥성리
2022-09-29,흥해 서희스타힐스 더 캐슬,59.96,18720,22,경상북도 포항북구 흥해읍 옥성리
2022-10-13,흥해 서희스타힐스 더 캐슬,84.95,26980,15,경상북도 포항북구 흥해읍 옥성리
2022-10-17,흥해 서희스타힐스 더 캐슬,84.95,27280,9,경상북도 포항북구 흥해읍 옥성리
2022-11-01,흥해 서희스타힐스 더 캐슬,59.99,21187,18,경상북도 포항북구 흥해읍 옥성리
2022-11-14,흥해 서희스타힐스 더 캐슬,84.95,26980,9,경상북도 포항북구 흥해읍 옥성리
2023-01-09,흥해 서희스타힐스 더 캐슬,84.95,24980,20,경상북도 포항북구 흥해읍 옥성리
2023-01-25,흥해 서희스타힐스 더 캐슬,59.96,18220,25,경상북도 포항북구 흥해읍 옥성리
2023-01-30,흥해 서희스타힐스 더 캐슬,84.95,24980,8,경상북도 포항북구 흥해읍 옥성리
2023-02-06,흥해 서희스타힐타 더 캐슬,59.96,18980,3,경상북도 포항북구 흥해읍 옥성리 
2023-02-13,흥해 서희스타힐타 더 캐슬,84.95,25085,17,경상북도 포항북구 흥해읍 옥성리 
2023-02-15,흥해 서희스타힐타 더 캐슬,84.95,27750,11,경상북도 포항북구 흥해읍 옥성리 
2023-02-23,흥해 서희스타힐타 더 캐슬,84.95,25085,14,경상북도 포항북구 흥해읍 옥성리 
2023-03-15,흥해 서희스타힐타 더 캐슬,59.96,20160,20,경상북도 포항북구 흥해읍 옥성리 
2023-03-21,흥해 서희스타힐타 더 캐슬,84.95,25885,19,경상북도 포항북구 흥해읍 옥성리 
2023-03-22,흥해 서희스타힐타 더 캐슬,59.96,18690,12,경상북도 포항북구 흥해읍 옥성리 
2023-03-27,흥해 서희스타힐타 더 캐슬,84.95,26600,14,경상북도 포항북구 흥해읍 옥성리 
2023-04-04,흥해 서희스타힐타 더 캐슬,59.99,17450,4,경상북도 포항북구 흥해읍 옥성리 
2022-01-03,KTX포항역 삼구 트리니엔,84.97,32990,8,경상북도 포항북구 흥해읍 이인리
2022-01-06,KTX포항역 삼구 트리니엔,67.99,25420,21,경상북도 포항북구 흥해읍 이인리
2022-01-12,KTX포항역 삼구 트리니엔,60.00,24090,16,경상북도 포항북구 흥해읍 이인리
2022-01-13,KTX포항역 삼구 트리니엔,84.99,33090,20,경상북도 포항북구 흥해읍 이인리
2022-01-24,KTX포항역 삼구 트리니엔,84.99,32790,10,경상북도 포항북구 흥해읍 이인리
2022-01-25,KTX포항역 삼구 트리니엔,84.99,33490,9,경상북도 포항북구 흥해읍 이인리
2022-01-25,KTX포항역 삼구 트리니엔,84.99,33490,6,경상북도 포항북구 흥해읍 이인리
2022-01-27,KTX포항역 삼구 트리니엔,84.99,33490,7,경상북도 포항북구 흥해읍 이인리
2022-02-02,KTX포항역 삼구 트리니엔,84.97,33115,19,경상북도 포항북구 흥해읍 이인리
2022-02-03,KTX포항역 삼구 트리니엔,84.99,32990,24,경상북도 포항북구 흥해읍 이인리
2022-02-07,KTX포항역 삼구 트리니엔,67.99,24820,5,경상북도 포항북구 흥해읍 이인리
2022-02-09,KTX포항역 삼구 트리니엔,84.99,32790,17,경상북도 포항북구 흥해읍 이인리
2022-02-14,KTX포항역 삼구 트리니엔,84.99,33465,12,경상북도 포항북구 흥해읍 이인리
2022-02-17,KTX포항역 삼구 트리니엔,84.97,32990,8,경상북도 포항북구 흥해읍 이인리
2022-02-18,KTX포항역 삼구 트리니엔,60.00,24190,21,경상북도 포항북구 흥해읍 이인리
2022-02-23,KTX포항역 삼구 트리니엔,84.99,34865,10,경상북도 포항북구 흥해읍 이인리
2022-02-24,KTX포항역 삼구 트리니엔,84.99,32590,19,경상북도 포항북구 흥해읍 이인리
2022-02-24,KTX포항역 삼구 트리니엔,84.99,32990,25,경상북도 포항북구 흥해읍 이인리
2022-02-24,KTX포항역 삼구 트리니엔,84.99,32990,23,경상북도 포항북구 흥해읍 이인리
2022-03-10,KTX포항역 삼구 트리니엔,84.99,33868,29,경상북도 포항북구 흥해읍 이인리
2022-03-14,KTX포항역 삼구 트리니엔,84.99,33395,24,경상북도 포항북구 흥해읍 이인리
2022-03-15,KTX포항역 삼구 트리니엔,84.99,32890,21,경상북도 포항북구 흥해읍 이인리
2022-03-15,KTX포항역 삼구 트리니엔,67.99,25420,23,경상북도 포항북구 흥해읍 이인리
2022-03-15,KTX포항역 삼구 트리니엔,67.99,25640,10,경상북도 포항북구 흥해읍 이인리
2022-03-16,KTX포항역 삼구 트리니엔,84.99,32390,8,경상북도 포항북구 흥해읍 이인리
2022-03-23,KTX포항역 삼구 트리니엔,84.99,32990,9,경상북도 포항북구 흥해읍 이인리
2022-03-30,KTX포항역 삼구 트리니엔,84.99,32490,13,경상북도 포항북구 흥해읍 이인리
2022-04-04,KTX포항역 삼구 트리니엔,84.99,33890,29,경상북도 포항북구 흥해읍 이인리
2022-04-05,KTX포항역 삼구 트리니엔,60.00,24210,8,경상북도 포항북구 흥해읍 이인리
2022-04-05,KTX포항역 삼구 트리니엔,84.99,33500,7,경상북도 포항북구 흥해읍 이인리
2022-04-07,KTX포항역 삼구 트리니엔,67.99,24820,10,경상북도 포항북구 흥해읍 이인리
2022-04-14,KTX포항역 삼구 트리니엔,84.99,33990,25,경상북도 포항북구 흥해읍 이인리
2022-04-15,KTX포항역 삼구 트리니엔,84.99,34490,23,경상북도 포항북구 흥해읍 이인리
2022-04-19,KTX포항역 삼구 트리니엔,60.00,23670,14,경상북도 포항북구 흥해읍 이인리
2022-04-26,KTX포항역 삼구 트리니엔,84.99,33480,5,경상북도 포항북구 흥해읍 이인리
2022-04-26,KTX포항역 삼구 트리니엔,67.99,25400,19,경상북도 포항북구 흥해읍 이인리
2022-04-28,KTX포항역 삼구 트리니엔,84.99,33190,16,경상북도 포항북구 흥해읍 이인리
2022-05-02,KTX포항역 삼구 트리니엔,84.99,34240,18,경상북도 포항북구 흥해읍 이인리
2022-05-16,KTX포항역 삼구 트리니엔,84.99,32490,19,경상북도 포항북구 흥해읍 이인리
2022-05-24,KTX포항역 삼구 트리니엔,84.99,32440,17,경상북도 포항북구 흥해읍 이인리
2022-05-27,KTX포항역 삼구 트리니엔,84.97,32490,22,경상북도 포항북구 흥해읍 이인리
2022-05-30,KTX포항역 삼구 트리니엔,67.99,24920,10,경상북도 포항북구 흥해읍 이인리
2022-05-31,KTX포항역 삼구 트리니엔,84.99,31390,2,경상북도 포항북구 흥해읍 이인리
2022-06-05,KTX포항역 삼구 트리니엔,84.99,32990,25,경상북도 포항북구 흥해읍 이인리
2022-06-07,KTX포항역 삼구 트리니엔,84.99,33490,15,경상북도 포항북구 흥해읍 이인리
2022-06-10,KTX포항역 삼구 트리니엔,84.99,32990,16,경상북도 포항북구 흥해읍 이인리
2022-06-18,KTX포항역 삼구 트리니엔,60.00,23990,11,경상북도 포항북구 흥해읍 이인리
2022-06-21,KTX포항역 삼구 트리니엔,84.99,32890,16,경상북도 포항북구 흥해읍 이인리
2022-06-22,KTX포항역 삼구 트리니엔,84.99,32965,26,경상북도 포항북구 흥해읍 이인리
2022-06-25,KTX포항역 삼구 트리니엔,84.99,32290,8,경상북도 포항북구 흥해읍 이인리
2022-06-29,KTX포항역 삼구 트리니엔,84.97,32965,24,경상북도 포항북구 흥해읍 이인리
2022-06-30,KTX포항역 삼구 트리니엔,84.99,32290,11,경상북도 포항북구 흥해읍 이인리
2022-06-30,KTX포항역 삼구 트리니엔,84.99,32290,9,경상북도 포항북구 흥해읍 이인리
2022-06-30,KTX포항역 삼구 트리니엔,84.99,32340,8,경상북도 포항북구 흥해읍 이인리
2022-06-30,KTX포항역 삼구 트리니엔,84.99,32540,14,경상북도 포항북구 흥해읍 이인리
2022-07-01,KTX포항역 삼구 트리니엔,67.99,25420,25,경상북도 포항북구 흥해읍 이인리
2022-07-04,KTX포항역 삼구 트리니엔,84.99,33090,13,경상북도 포항북구 흥해읍 이인리
2022-07-05,KTX포항역 삼구 트리니엔,84.99,32490,12,경상북도 포항북구 흥해읍 이인리
2022-07-06,KTX포항역 삼구 트리니엔,84.99,32590,9,경상북도 포항북구 흥해읍 이인리
2022-07-07,KTX포항역 삼구 트리니엔,84.99,32290,8,경상북도 포항북구 흥해읍 이인리
2022-07-08,KTX포항역 삼구 트리니엔,67.99,24420,13,경상북도 포항북구 흥해읍 이인리
2022-07-10,KTX포항역 삼구 트리니엔,84.99,32790,28,경상북도 포항북구 흥해읍 이인리
2022-07-13,KTX포항역 삼구 트리니엔,84.99,32990,24,경상북도 포항북구 흥해읍 이인리
2022-07-15,KTX포항역 삼구 트리니엔,84.99,33690,22,경상북도 포항북구 흥해읍 이인리
2022-07-15,KTX포항역 삼구 트리니엔,84.99,31990,7,경상북도 포항북구 흥해읍 이인리
2022-07-16,KTX포항역 삼구 트리니엔,84.99,32290,5,경상북도 포항북구 흥해읍 이인리
2022-07-17,KTX포항역 삼구 트리니엔,84.99,31990,25,경상북도 포항북구 흥해읍 이인리
2022-07-19,KTX포항역 삼구 트리니엔,67.99,24420,13,경상북도 포항북구 흥해읍 이인리
2022-07-21,KTX포항역 삼구 트리니엔,84.99,33490,19,경상북도 포항북구 흥해읍 이인리
2022-07-22,KTX포항역 삼구 트리니엔,84.97,32510,23,경상북도 포항북구 흥해읍 이인리
2022-07-24,KTX포항역 삼구 트리니엔,84.99,32190,5,경상북도 포항북구 흥해읍 이인리
2022-07-26,KTX포항역 삼구 트리니엔,84.99,32590,17,경상북도 포항북구 흥해읍 이인리
2022-07-27,KTX포항역 삼구 트리니엔,84.99,31690,2,경상북도 포항북구 흥해읍 이인리
2022-07-28,KTX포항역 삼구 트리니엔,84.99,32990,7,경상북도 포항북구 흥해읍 이인리
2022-07-29,KTX포항역 삼구 트리니엔,84.97,32890,9,경상북도 포항북구 흥해읍 이인리
2022-08-01,KTX포항역 삼구 트리니엔,84.99,32240,12,경상북도 포항북구 흥해읍 이인리
2022-08-13,KTX포항역 삼구 트리니엔,84.99,31690,4,경상북도 포항북구 흥해읍 이인리
2022-08-20,KTX포항역 삼구 트리니엔,84.99,31390,2,경상북도 포항북구 흥해읍 이인리
2022-08-22,KTX포항역 삼구 트리니엔,60.00,25050,29,경상북도 포항북구 흥해읍 이인리
2022-08-23,KTX포항역 삼구 트리니엔,84.99,31690,4,경상북도 포항북구 흥해읍 이인리
2022-08-26,KTX포항역 삼구 트리니엔,67.99,25220,25,경상북도 포항북구 흥해읍 이인리
2022-09-20,KTX포항역 삼구 트리니엔,84.99,31990,22,경상북도 포항북구 흥해읍 이인리
2022-09-21,KTX포항역 삼구 트리니엔,84.99,31990,28,경상북도 포항북구 흥해읍 이인리
2022-10-04,KTX포항역 삼구 트리니엔,84.99,33065,24,경상북도 포항북구 흥해읍 이인리
2022-10-11,KTX포항역 삼구 트리니엔,84.99,33065,24,경상북도 포항북구 흥해읍 이인리
2022-10-17,KTX포항역 삼구 트리니엔,84.99,31990,24,경상북도 포항북구 흥해읍 이인리
2022-10-22,KTX포항역 삼구 트리니엔,84.99,31990,22,경상북도 포항북구 흥해읍 이인리
2022-10-24,KTX포항역 삼구 트리니엔,67.99,24700,14,경상북도 포항북구 흥해읍 이인리
2022-11-02,KTX포항역 삼구 트리니엔,84.99,31990,23,경상북도 포항북구 흥해읍 이인리
2022-12-07,KTX포항역 삼구 트리니엔,67.99,23740,13,경상북도 포항북구 흥해읍 이인리
2022-12-08,KTX포항역 삼구 트리니엔,67.99,23120,13,경상북도 포항북구 흥해읍 이인리
2023-02-08,KTX포항역 삼구 트리니엔,60.00,23390,13,경상북도 포항북구 흥해읍 이인리
2023-02-13,KTX포항역 삼구 트리니엔,84.99,28990,16,경상북도 포항북구 흥해읍 이인리
2023-02-14,KTX포항역 삼구 트리니엔,84.99,32490,17,경상북도 포항북구 흥해읍 이인리
2023-03-01,KTX포항역 삼구 트리니엔,67.99,22920,21,경상북도 포항북구 흥해읍 이인리
2023-03-09,KTX포항역 삼구 트리니엔,84.99,29490,7,경상북도 포항북구 흥해읍 이인리
2023-03-21,KTX포항역 삼구 트리니엔,67.99,23120,19,경상북도 포항북구 흥해읍 이인리
2023-04-24,KTX포항역 삼구 트리니엔,84.99,30910,16,경상북도 포항북구 흥해읍 이인리
2022-01-04,한화 포레나 포항,109.45,51260,23,경상북도 포항북구 흥해읍 이인리
2022-01-05,한화 포레나 포항,84.89,34850,15,경상북도 포항북구 흥해읍 이인리
2022-01-07,한화 포레나 포항,84.89,36660,19,경상북도 포항북구 흥해읍 이인리
2022-01-11,한화 포레나 포항,84.89,35800,18,경상북도 포항북구 흥해읍 이인리
2022-01-18,한화 포레나 포항,84.89,36680,25,경상북도 포항북구 흥해읍 이인리
2022-01-18,한화 포레나 포항,84.52,35300,24,경상북도 포항북구 흥해읍 이인리
2022-01-19,한화 포레나 포항,109.45,53326,15,경상북도 포항북구 흥해읍 이인리
2022-01-20,한화 포레나 포항,76.00,32410,8,경상북도 포항북구 흥해읍 이인리
2022-01-20,한화 포레나 포항,84.89,35100,5,경상북도 포항북구 흥해읍 이인리
2022-01-20,한화 포레나 포항,76.00,32490,8,경상북도 포항북구 흥해읍 이인리
2022-01-21,한화 포레나 포항,84.52,35170,20,경상북도 포항북구 흥해읍 이인리
2022-01-24,한화 포레나 포항,84.89,37080,21,경상북도 포항북구 흥해읍 이인리
2022-01-24,한화 포레나 포항,109.45,50160,5,경상북도 포항북구 흥해읍 이인리
2022-01-26,한화 포레나 포항,84.89,35200,17,경상북도 포항북구 흥해읍 이인리
2022-01-26,한화 포레나 포항,84.52,35400,23,경상북도 포항북구 흥해읍 이인리
2022-01-28,한화 포레나 포항,84.89,36300,15,경상북도 포항북구 흥해읍 이인리
2022-01-30,한화 포레나 포항,84.89,35800,21,경상북도 포항북구 흥해읍 이인리
2022-02-03,한화 포레나 포항,109.45,50210,10,경상북도 포항북구 흥해읍 이인리
2022-02-04,한화 포레나 포항,84.89,35600,16,경상북도 포항북구 흥해읍 이인리
2022-02-07,한화 포레나 포항,109.45,50490,1,경상북도 포항북구 흥해읍 이인리
2022-02-08,한화 포레나 포항,109.45,51060,22,경상북도 포항북구 흥해읍 이인리
2022-02-10,한화 포레나 포항,84.89,36480,15,경상북도 포항북구 흥해읍 이인리
2022-02-10,한화 포레나 포항,84.89,35200,19,경상북도 포항북구 흥해읍 이인리
2022-02-11,한화 포레나 포항,84.89,37080,28,경상북도 포항북구 흥해읍 이인리
2022-02-11,한화 포레나 포항,84.52,35100,12,경상북도 포항북구 흥해읍 이인리
2022-02-11,한화 포레나 포항,84.89,35580,28,경상북도 포항북구 흥해읍 이인리
2022-02-13,한화 포레나 포항,84.89,36580,28,경상북도 포항북구 흥해읍 이인리
2022-02-22,한화 포레나 포항,84.52,35690,12,경상북도 포항북구 흥해읍 이인리
2022-02-22,한화 포레나 포항,59.95,26000,19,경상북도 포항북구 흥해읍 이인리
2022-02-24,한화 포레나 포항,59.95,25490,11,경상북도 포항북구 흥해읍 이인리
2022-02-25,한화 포레나 포항,84.52,35500,12,경상북도 포항북구 흥해읍 이인리
2022-02-25,한화 포레나 포항,84.89,35800,20,경상북도 포항북구 흥해읍 이인리
2022-02-25,한화 포레나 포항,84.89,36280,20,경상북도 포항북구 흥해읍 이인리
2022-02-27,한화 포레나 포항,109.45,49660,2,경상북도 포항북구 흥해읍 이인리
2022-02-28,한화 포레나 포항,207.78,50890,11,경상북도 포항북구 흥해읍 이인리
2022-02-28,한화 포레나 포항,109.45,50860,14,경상북도 포항북구 흥해읍 이인리
2022-03-02,한화 포레나 포항,84.89,38780,25,경상북도 포항북구 흥해읍 이인리
2022-03-04,한화 포레나 포항,84.52,34800,29,경상북도 포항북구 흥해읍 이인리
2022-03-08,한화 포레나 포항,109.45,51790,26,경상북도 포항북구 흥해읍 이인리
2022-03-10,한화 포레나 포항,84.89,35200,24,경상북도 포항북구 흥해읍 이인리
2022-03-12,한화 포레나 포항,76.00,33530,24,경상북도 포항북구 흥해읍 이인리
2022-03-15,한화 포레나 포항,84.89,36580,26,경상북도 포항북구 흥해읍 이인리
2022-03-19,한화 포레나 포항,84.52,35300,18,경상북도 포항북구 흥해읍 이인리
2022-03-21,한화 포레나 포항,76.00,31400,14,경상북도 포항북구 흥해읍 이인리
2022-03-22,한화 포레나 포항,84.89,34800,1,경상북도 포항북구 흥해읍 이인리
2022-03-23,한화 포레나 포항,84.89,33700,1,경상북도 포항북구 흥해읍 이인리
2022-03-23,한화 포레나 포항,84.89,33820,1,경상북도 포항북구 흥해읍 이인리
2022-03-26,한화 포레나 포항,84.89,34800,4,경상북도 포항북구 흥해읍 이인리
2022-03-29,한화 포레나 포항,84.89,36300,19,경상북도 포항북구 흥해읍 이인리
2022-03-30,한화 포레나 포항,84.89,34800,20,경상북도 포항북구 흥해읍 이인리
2022-03-31,한화 포레나 포항,59.95,25590,11,경상북도 포항북구 흥해읍 이인리
2022-03-31,한화 포레나 포항,76.00,31740,10,경상북도 포항북구 흥해읍 이인리
2022-04-01,한화 포레나 포항,84.89,35200,25,경상북도 포항북구 흥해읍 이인리
2022-04-04,한화 포레나 포항,84.89,35200,15,경상북도 포항북구 흥해읍 이인리
2022-04-04,한화 포레나 포항,84.89,35000,30,경상북도 포항북구 흥해읍 이인리
2022-04-08,한화 포레나 포항,84.89,37220,18,경상북도 포항북구 흥해읍 이인리
2022-04-09,한화 포레나 포항,84.89,36000,13,경상북도 포항북구 흥해읍 이인리
2022-04-11,한화 포레나 포항,84.89,35000,5,경상북도 포항북구 흥해읍 이인리
2022-04-15,한화 포레나 포항,84.89,35200,23,경상북도 포항북구 흥해읍 이인리
2022-04-18,한화 포레나 포항,84.89,36000,13,경상북도 포항북구 흥해읍 이인리
2022-04-20,한화 포레나 포항,84.52,34700,4,경상북도 포항북구 흥해읍 이인리
2022-04-30,한화 포레나 포항,76.00,34397,27,경상북도 포항북구 흥해읍 이인리
2022-05-04,한화 포레나 포항,76.00,31400,13,경상북도 포항북구 흥해읍 이인리
2022-05-06,한화 포레나 포항,59.95,26200,30,경상북도 포항북구 흥해읍 이인리
2022-05-09,한화 포레나 포항,109.45,50860,22,경상북도 포항북구 흥해읍 이인리
2022-05-10,한화 포레나 포항,84.89,35980,12,경상북도 포항북구 흥해읍 이인리
2022-05-19,한화 포레나 포항,84.89,35980,30,경상북도 포항북구 흥해읍 이인리
2022-05-20,한화 포레나 포항,84.52,36080,26,경상북도 포항북구 흥해읍 이인리
2022-05-20,한화 포레나 포항,109.45,50760,16,경상북도 포항북구 흥해읍 이인리
2022-05-23,한화 포레나 포항,84.89,34800,1,경상북도 포항북구 흥해읍 이인리
2022-05-23,한화 포레나 포항,84.89,36880,14,경상북도 포항북구 흥해읍 이인리
2022-05-31,한화 포레나 포항,84.52,34545,1,경상북도 포항북구 흥해읍 이인리
2022-06-01,한화 포레나 포항,76.00,31600,15,경상북도 포항북구 흥해읍 이인리
2022-06-02,한화 포레나 포항,84.52,35000,19,경상북도 포항북구 흥해읍 이인리
2022-06-10,한화 포레나 포항,84.52,35860,8,경상북도 포항북구 흥해읍 이인리
2022-06-10,한화 포레나 포항,109.45,51790,15,경상북도 포항북구 흥해읍 이인리
2022-06-11,한화 포레나 포항,84.89,36300,18,경상북도 포항북구 흥해읍 이인리
2022-06-14,한화 포레나 포항,84.89,36880,13,경상북도 포항북구 흥해읍 이인리
2022-06-15,한화 포레나 포항,84.52,34950,6,경상북도 포항북구 흥해읍 이인리
2022-06-17,한화 포레나 포항,84.52,35300,11,경상북도 포항북구 흥해읍 이인리
2022-06-17,한화 포레나 포항,76.00,32346,7,경상북도 포항북구 흥해읍 이인리
2022-06-20,한화 포레나 포항,84.89,35200,22,경상북도 포항북구 흥해읍 이인리
2022-06-20,한화 포레나 포항,109.45,49460,1,경상북도 포항북구 흥해읍 이인리
2022-06-22,한화 포레나 포항,84.52,35100,10,경상북도 포항북구 흥해읍 이인리
2022-06-25,한화 포레나 포항,109.45,52060,17,경상북도 포항북구 흥해읍 이인리
2022-06-25,한화 포레나 포항,84.52,35780,10,경상북도 포항북구 흥해읍 이인리
2022-06-26,한화 포레나 포항,84.89,34000,2,경상북도 포항북구 흥해읍 이인리
2022-06-27,한화 포레나 포항,109.45,51590,22,경상북도 포항북구 흥해읍 이인리
2022-06-29,한화 포레나 포항,84.89,34895,1,경상북도 포항북구 흥해읍 이인리
2022-07-01,한화 포레나 포항,84.89,35660,9,경상북도 포항북구 흥해읍 이인리
2022-07-04,한화 포레나 포항,109.45,49160,2,경상북도 포항북구 흥해읍 이인리
2022-07-04,한화 포레나 포항,84.89,35000,8,경상북도 포항북구 흥해읍 이인리
2022-07-14,한화 포레나 포항,84.52,36035,30,경상북도 포항북구 흥해읍 이인리
2022-07-19,한화 포레나 포항,109.45,51490,10,경상북도 포항북구 흥해읍 이인리
2022-07-19,한화 포레나 포항,76.00,31350,12,경상북도 포항북구 흥해읍 이인리
2022-07-19,한화 포레나 포항,59.95,25600,15,경상북도 포항북구 흥해읍 이인리
2022-07-24,한화 포레나 포항,84.89,37616,24,경상북도 포항북구 흥해읍 이인리
2022-07-26,한화 포레나 포항,109.45,51590,24,경상북도 포항북구 흥해읍 이인리
2022-07-27,한화 포레나 포항,84.89,36100,11,경상북도 포항북구 흥해읍 이인리
2022-07-29,한화 포레나 포항,84.89,35680,14,경상북도 포항북구 흥해읍 이인리
2022-08-02,한화 포레나 포항,109.45,50860,16,경상북도 포항북구 흥해읍 이인리
2022-08-05,한화 포레나 포항,109.45,50460,21,경상북도 포항북구 흥해읍 이인리
2022-08-11,한화 포레나 포항,84.89,35500,10,경상북도 포항북구 흥해읍 이인리
2022-08-11,한화 포레나 포항,84.89,35500,29,경상북도 포항북구 흥해읍 이인리
2022-08-13,한화 포레나 포항,109.45,50360,9,경상북도 포항북구 흥해읍 이인리
2022-08-16,한화 포레나 포항,84.89,35760,11,경상북도 포항북구 흥해읍 이인리
2022-08-22,한화 포레나 포항,76.00,31310,20,경상북도 포항북구 흥해읍 이인리
2022-08-25,한화 포레나 포항,76.00,31650,27,경상북도 포항북구 흥해읍 이인리
2022-08-31,한화 포레나 포항,84.89,35930,21,경상북도 포항북구 흥해읍 이인리
2022-09-07,한화 포레나 포항,84.89,35000,19,경상북도 포항북구 흥해읍 이인리
2022-09-15,한화 포레나 포항,84.89,35780,16,경상북도 포항북구 흥해읍 이인리
2022-09-24,한화 포레나 포항,84.89,34800,8,경상북도 포항북구 흥해읍 이인리
2022-10-05,한화 포레나 포항,84.89,35000,26,경상북도 포항북구 흥해읍 이인리
2022-10-18,한화 포레나 포항,84.89,35680,24,경상북도 포항북구 흥해읍 이인리
2022-10-21,한화 포레나 포항,84.89,36180,24,경상북도 포항북구 흥해읍 이인리
2022-10-24,한화 포레나 포항,84.99,35880,30,경상북도 포항북구 흥해읍 이인리
2022-10-25,한화 포레나 포항,76.00,31710,11,경상북도 포항북구 흥해읍 이인리
2022-10-31,한화 포레나 포항,84.52,34280,24,경상북도 포항북구 흥해읍 이인리
2022-10-31,한화 포레나 포항,84.52,34300,24,경상북도 포항북구 흥해읍 이인리
2022-11-23,한화 포레나 포항,84.52,34480,20,경상북도 포항북구 흥해읍 이인리
2022-11-23,한화 포레나 포항,84.52,35580,20,경상북도 포항북구 흥해읍 이인리
2022-11-28,한화 포레나 포항,109.45,49160,2,경상북도 포항북구 흥해읍 이인리
2022-11-29,한화 포레나 포항,84.89,35300,11,경상북도 포항북구 흥해읍 이인리
2022-11-29,한화 포레나 포항,84.52,35210,29,경상북도 포항북구 흥해읍 이인리
2022-12-26,한화 포레나 포항,84.52,33380,20,경상북도 포항북구 흥해읍 이인리
2022-12-26,한화 포레나 포항,84.89,34300,28,경상북도 포항북구 흥해읍 이인리
2022-12-28,한화 포레나 포항,84.52,32780,5,경상북도 포항북구 흥해읍 이인리
2022-12-29,한화 포레나 포항,84.52,31184,3,경상북도 포항북구 흥해읍 이인리
2023-01-03,한화 포레나 포항,109.45,48790,15,경상북도 포항북구 흥해읍 이인리
2023-01-09,한화 포레나 포항,84.52,31980,6,경상북도 포항북구 흥해읍 이인리
2023-01-09,한화 포레나 포항,84.89,34300,29,경상북도 포항북구 흥해읍 이인리
2023-01-17,한화 포레나 포항,84.89,35100,8,경상북도 포항북구 흥해읍 이인리
2023-01-17,한화 포레나 포항,109.44,46910,1,경상북도 포항북구 흥해읍 이인리
2023-01-18,한화 포레나 포항,84.89,35760,28,경상북도 포항북구 흥해읍 이인리
2023-01-19,한화 포레나 포항,76.00,30060,12,경상북도 포항북구 흥해읍 이인리
2023-01-30,한화 포레나 포항,84.52,35634,9,경상북도 포항북구 흥해읍 이인리
2023-01-30,한화 포레나 포항,84.52,33080,26,경상북도 포항북구 흥해읍 이인리
2023-02-01,한화 포레나 포항,84.89,35360,12,경상북도 포항북구 흥해읍 이인리
2023-02-01,한화 포레나 포항,109.45,50110,15,경상북도 포항북구 흥해읍 이인리
2023-02-01,한화 포레나 포항,76.00,29890,27,경상북도 포항북구 흥해읍 이인리
2023-02-13,한화 포레나 포항,109.45,47910,27,경상북도 포항북구 흥해읍 이인리
2023-02-14,한화 포레나 포항,84.89,36060,28,경상북도 포항북구 흥해읍 이인리
2023-02-15,한화 포레나 포항,84.89,35340,24,경상북도 포항북구 흥해읍 이인리
2023-02-16,한화 포레나 포항,109.45,47360,8,경상북도 포항북구 흥해읍 이인리
2023-02-21,한화 포레나 포항,76.00,31110,11,경상북도 포항북구 흥해읍 이인리
2023-03-06,한화 포레나 포항,84.89,34800,21,경상북도 포항북구 흥해읍 이인리
2023-03-06,한화 포레나 포항,84.62,33200,17,경상북도 포항북구 흥해읍 이인리
2023-03-06,한화 포레나 포항,84.89,34880,14,경상북도 포항북구 흥해읍 이인리
2023-03-07,한화 포레나 포항,109.45,50790,24,경상북도 포항북구 흥해읍 이인리
2023-03-07,한화 포레나 포항,84.89,36280,30,경상북도 포항북구 흥해읍 이인리
2023-03-08,한화 포레나 포항,76.00,30500,16,경상북도 포항북구 흥해읍 이인리
2023-03-09,한화 포레나 포항,84.89,35780,20,경상북도 포항북구 흥해읍 이인리
2023-03-13,한화 포레나 포항,84.62,33960,8,경상북도 포항북구 흥해읍 이인리
2023-03-13,한화 포레나 포항,84.62,32600,7,경상북도 포항북구 흥해읍 이인리
2023-03-21,한화 포레나 포항,109.45,49360,14,경상북도 포항북구 흥해읍 이인리
2023-03-22,한화 포레나 포항,84.62,34800,20,경상북도 포항북구 흥해읍 이인리
2023-03-28,한화 포레나 포항,84.62,27000,3,경상북도 포항북구 흥해읍 이인리
2023-03-29,한화 포레나 포항,84.62,34850,17,경상북도 포항북구 흥해읍 이인리
2023-03-29,한화 포레나 포항,84.62,35050,25,경상북도 포항북구 흥해읍 이인리
2023-04-03,한화 포레나 포항,84.89,32250,1,경상북도 포항북구 흥해읍 이인리
2023-04-11,한화 포레나 포항,84.52,34950,13,경상북도 포항북구 흥해읍 이인리
2023-04-17,한화 포레나 포항,84.89,34800,5,경상북도 포항북구 흥해읍 이인리
2023-04-17,한화 포레나 포항,76.00,27000,4,경상북도 포항북구 흥해읍 이인리
2023-04-26,한화 포레나 포항,84.89,34960,10,경상북도 포항북구 흥해읍 이인리
2023-05-02,한화 포레나 포항,84.89,35150,29,경상북도 포항북구 흥해읍 이인리
2023-05-03,한화 포레나 포항,109.45,48360,10,경상북도 포항북구 흥해읍 이인리
2022-01-01,힐스테이트 초곡,84.86,37000,24,경상북도 포항북구 흥해읍 초곡리
2022-01-03,힐스테이트 초곡,59.76,26250,11,경상북도 포항북구 흥해읍 초곡리
2022-01-06,힐스테이트 초곡,74.64,31000,1,경상북도 포항북구 흥해읍 초곡리
2022-01-09,힐스테이트 초곡,74.84,33100,6,경상북도 포항북구 흥해읍 초곡리
2022-01-12,힐스테이트 초곡,74.84,33000,9,경상북도 포항북구 흥해읍 초곡리
2022-01-13,힐스테이트 초곡,74.99,32800,17,경상북도 포항북구 흥해읍 초곡리
2022-01-17,힐스테이트 초곡,59.76,26600,12,경상북도 포항북구 흥해읍 초곡리
2022-01-17,힐스테이트 초곡,84.84,36900,16,경상북도 포항북구 흥해읍 초곡리
2022-01-17,힐스테이트 초곡,74.64,32300,12,경상북도 포항북구 흥해읍 초곡리
2022-01-19,힐스테이트 초곡,84.86,37109,18,경상북도 포항북구 흥해읍 초곡리
2022-01-27,힐스테이트 초곡,84.86,36900,10,경상북도 포항북구 흥해읍 초곡리
2022-02-08,힐스테이트 초곡,74.84,33200,22,경상북도 포항북구 흥해읍 초곡리
2022-02-09,힐스테이트 초곡,74.64,32290,23,경상북도 포항북구 흥해읍 초곡리
2022-02-12,힐스테이트 초곡,84.84,36500,15,경상북도 포항북구 흥해읍 초곡리
2022-03-03,힐스테이트 초곡,84.84,37775,16,경상북도 포항북구 흥해읍 초곡리
2022-03-10,힐스테이트 초곡,59.94,25500,2,경상북도 포항북구 흥해읍 초곡리
2022-03-21,힐스테이트 초곡,76.84,33934,21,경상북도 포항북구 흥해읍 초곡리
2022-03-30,힐스테이트 초곡,84.86,36700,26,경상북도 포항북구 흥해읍 초곡리
2022-04-01,힐스테이트 초곡,84.86,37550,27,경상북도 포항북구 흥해읍 초곡리
2022-04-02,힐스테이트 초곡,84.84,36500,9,경상북도 포항북구 흥해읍 초곡리
2022-04-05,힐스테이트 초곡,84.86,36650,9,경상북도 포항북구 흥해읍 초곡리
2022-04-06,힐스테이트 초곡,74.64,32934,8,경상북도 포항북구 흥해읍 초곡리
2022-04-07,힐스테이트 초곡,59.98,26360,14,경상북도 포항북구 흥해읍 초곡리
2022-04-09,힐스테이트 초곡,84.84,37575,27,경상북도 포항북구 흥해읍 초곡리
2022-04-10,힐스테이트 초곡,74.64,32914,27,경상북도 포항북구 흥해읍 초곡리
2022-04-12,힐스테이트 초곡,74.84,32900,23,경상북도 포항북구 흥해읍 초곡리
2022-04-13,힐스테이트 초곡,74.64,32300,19,경상북도 포항북구 흥해읍 초곡리
2022-04-14,힐스테이트 초곡,84.86,37109,18,경상북도 포항북구 흥해읍 초곡리
2022-04-20,힐스테이트 초곡,59.76,26100,14,경상북도 포항북구 흥해읍 초곡리
2022-04-21,힐스테이트 초곡,76.84,33794,11,경상북도 포항북구 흥해읍 초곡리
2022-04-25,힐스테이트 초곡,84.86,36900,5,경상북도 포항북구 흥해읍 초곡리
2022-04-26,힐스테이트 초곡,84.86,35970,1,경상북도 포항북구 흥해읍 초곡리
2022-04-27,힐스테이트 초곡,74.64,32500,16,경상북도 포항북구 흥해읍 초곡리
2022-04-27,힐스테이트 초곡,84.86,35900,4,경상북도 포항북구 흥해읍 초곡리
2022-04-27,힐스테이트 초곡,76.84,33450,15,경상북도 포항북구 흥해읍 초곡리
2022-04-30,힐스테이트 초곡,59.76,26674,16,경상북도 포항북구 흥해읍 초곡리
2022-05-04,힐스테이트 초곡,84.86,36900,5,경상북도 포항북구 흥해읍 초곡리
2022-05-05,힐스테이트 초곡,84.84,36500,17,경상북도 포항북구 흥해읍 초곡리
2022-05-08,힐스테이트 초곡,84.86,36700,15,경상북도 포항북구 흥해읍 초곡리
2022-05-12,힐스테이트 초곡,84.84,37150,7,경상북도 포항북구 흥해읍 초곡리
2022-05-14,힐스테이트 초곡,84.84,36300,16,경상북도 포항북구 흥해읍 초곡리
2022-05-16,힐스테이트 초곡,84.86,35100,1,경상북도 포항북구 흥해읍 초곡리
2022-05-16,힐스테이트 초곡,84.84,36900,18,경상북도 포항북구 흥해읍 초곡리
2022-05-16,힐스테이트 초곡,84.84,37000,16,경상북도 포항북구 흥해읍 초곡리
2022-05-16,힐스테이트 초곡,74.64,32300,13,경상북도 포항북구 흥해읍 초곡리
2022-05-17,힐스테이트 초곡,84.84,35450,2,경상북도 포항북구 흥해읍 초곡리
2022-05-17,힐스테이트 초곡,84.84,35900,3,경상북도 포항북구 흥해읍 초곡리
2022-05-17,힐스테이트 초곡,74.64,32594,6,경상북도 포항북구 흥해읍 초곡리
2022-05-18,힐스테이트 초곡,84.84,36500,5,경상북도 포항북구 흥해읍 초곡리
2022-05-18,힐스테이트 초곡,84.86,36300,20,경상북도 포항북구 흥해읍 초곡리
2022-05-19,힐스테이트 초곡,84.84,36700,16,경상북도 포항북구 흥해읍 초곡리
2022-05-19,힐스테이트 초곡,74.64,33199,12,경상북도 포항북구 흥해읍 초곡리
2022-05-20,힐스테이트 초곡,59.76,26300,20,경상북도 포항북구 흥해읍 초곡리
2022-05-25,힐스테이트 초곡,74.64,33000,11,경상북도 포항북구 흥해읍 초곡리
2022-05-30,힐스테이트 초곡,84.86,37200,23,경상북도 포항북구 흥해읍 초곡리
2022-05-30,힐스테이트 초곡,84.84,36700,26,경상북도 포항북구 흥해읍 초곡리
2022-05-31,힐스테이트 초곡,74.99,33644,22,경상북도 포항북구 흥해읍 초곡리
2022-06-01,힐스테이트 초곡,84.84,36300,12,경상북도 포항북구 흥해읍 초곡리
2022-06-03,힐스테이트 초곡,59.76,26100,13,경상북도 포항북구 흥해읍 초곡리
2022-06-13,힐스테이트 초곡,84.86,36600,29,경상북도 포항북구 흥해읍 초곡리
2022-06-13,힐스테이트 초곡,84.84,34400,1,경상북도 포항북구 흥해읍 초곡리
2022-06-13,힐스테이트 초곡,84.86,37170,24,경상북도 포항북구 흥해읍 초곡리
2022-06-14,힐스테이트 초곡,74.64,33344,22,경상북도 포항북구 흥해읍 초곡리
2022-06-15,힐스테이트 초곡,76.84,33400,14,경상북도 포항북구 흥해읍 초곡리
2022-06-19,힐스테이트 초곡,74.64,32300,17,경상북도 포항북구 흥해읍 초곡리
2022-06-21,힐스테이트 초곡,84.86,37100,19,경상북도 포항북구 흥해읍 초곡리
2022-06-29,힐스테이트 초곡,84.86,37584,22,경상북도 포항북구 흥해읍 초곡리
2022-06-29,힐스테이트 초곡,74.64,32894,24,경상북도 포항북구 흥해읍 초곡리
2022-06-29,힐스테이트 초곡,84.84,36300,11,경상북도 포항북구 흥해읍 초곡리
2022-07-04,힐스테이트 초곡,84.86,36839,17,경상북도 포항북구 흥해읍 초곡리
2022-07-04,힐스테이트 초곡,84.86,36850,6,경상북도 포항북구 흥해읍 초곡리
2022-07-04,힐스테이트 초곡,74.64,32300,6,경상북도 포항북구 흥해읍 초곡리
2022-07-05,힐스테이트 초곡,74.64,32500,11,경상북도 포항북구 흥해읍 초곡리
2022-07-13,힐스테이트 초곡,59.76,27094,5,경상북도 포항북구 흥해읍 초곡리
2022-07-15,힐스테이트 초곡,84.86,37500,27,경상북도 포항북구 흥해읍 초곡리
2022-07-15,힐스테이트 초곡,84.86,38324,18,경상북도 포항북구 흥해읍 초곡리
2022-07-18,힐스테이트 초곡,59.94,26774,20,경상북도 포항북구 흥해읍 초곡리
2022-07-20,힐스테이트 초곡,84.86,36600,20,경상북도 포항북구 흥해읍 초곡리
2022-08-03,힐스테이트 초곡,84.86,36850,6,경상북도 포항북구 흥해읍 초곡리
2022-08-06,힐스테이트 초곡,84.84,37470,17,경상북도 포항북구 흥해읍 초곡리
2022-08-09,힐스테이트 초곡,74.99,31700,3,경상북도 포항북구 흥해읍 초곡리
2022-08-10,힐스테이트 초곡,59.94,26796,29,경상북도 포항북구 흥해읍 초곡리
2022-08-16,힐스테이트 초곡,59.76,26000,10,경상북도 포항북구 흥해읍 초곡리
2022-08-17,힐스테이트 초곡,84.86,38400,9,경상북도 포항북구 흥해읍 초곡리
2022-08-25,힐스테이트 초곡,84.84,37170,17,경상북도 포항북구 흥해읍 초곡리
2022-09-07,힐스테이트 초곡,84.86,34700,5,경상북도 포항북구 흥해읍 초곡리
2022-09-14,힐스테이트 초곡,74.64,31214,1,경상북도 포항북구 흥해읍 초곡리
2022-09-15,힐스테이트 초곡,84.84,37570,19,경상북도 포항북구 흥해읍 초곡리
2022-09-21,힐스테이트 초곡,74.64,32800,14,경상북도 포항북구 흥해읍 초곡리
2022-10-03,힐스테이트 초곡,59.98,26614,7,경상북도 포항북구 흥해읍 초곡리
2022-10-04,힐스테이트 초곡,74.84,32700,14,경상북도 포항북구 흥해읍 초곡리
2022-10-06,힐스테이트 초곡,84.86,35870,1,경상북도 포항북구 흥해읍 초곡리
2022-11-02,힐스테이트 초곡,84.86,37329,15,경상북도 포항북구 흥해읍 초곡리
2022-11-04,힐스테이트 초곡,84.86,35339,19,경상북도 포항북구 흥해읍 초곡리
2022-11-07,힐스테이트 초곡,74.84,33100,6,경상북도 포항북구 흥해읍 초곡리
2022-11-09,힐스테이트 초곡,84.84,37200,19,경상북도 포항북구 흥해읍 초곡리
2022-11-28,힐스테이트 초곡,74.64,32699,24,경상북도 포항북구 흥해읍 초곡리
2022-11-28,힐스테이트 초곡,74.64,32894,23,경상북도 포항북구 흥해읍 초곡리
2022-12-07,힐스테이트 초곡,84.86,34339,23,경상북도 포항북구 흥해읍 초곡리
2022-12-29,힐스테이트 초곡,84.84,32700,26,경상북도 포항북구 흥해읍 초곡리
2023-01-11,힐스테이트 초곡,84.86,31590,2,경상북도 포항북구 흥해읍 초곡리
2023-01-11,힐스테이트 초곡,84.84,34200,22,경상북도 포항북구 흥해읍 초곡리
2023-01-11,힐스테이트 초곡,84.84,36200,17,경상북도 포항북구 흥해읍 초곡리
2023-01-18,힐스테이트 초곡,84.84,32970,9,경상북도 포항북구 흥해읍 초곡리
2023-01-18,힐스테이트 초곡,84.84,33070,13,경상북도 포항북구 흥해읍 초곡리
2023-02-06,힐스테이트 초곡,84.86,31250,3,경상북도 포항북구 흥해읍 초곡리
2023-02-08,힐스테이스 초곡,84.86,32300,6,경상북도 포항북구 흥해읍 초곡리
2023-02-08,힐스테이트 초곡,84.86,33400,16,경상북도 포항북구 흥해읍 초곡리
2023-02-08,힐스테이트 초곡,74.86,32900,15,경상북도 포항북구 흥해읍 초곡리
2023-02-08,힐스테이트 초곡,84.84,34200,4,경상북도 포항북구 흥해읍 초곡리
2023-02-08,힐스테이트 초곡,84.84,34200,19,경상북도 포항북구 흥해읍 초곡리
2023-02-09,힐스테이트 초곡,84.84,34900,1,경상북도 포항북구 흥해읍 초곡리
2023-02-10,힐스테이트 초곡,74.84,32700,8,경상북도 포항북구 흥해읍 초곡리
2023-02-13,힐스테이트 초곡,59.98,25000,11,경상북도 포항북구 흥해읍 초곡리
2023-02-14,힐스테이트 초곡,84.86,33300,11,경상북도 포항북구 흥해읍 초곡리
2023-02-15,힐스테이트 초곡,84.84,36470,27,경상북도 포항북구 흥해읍 초곡리
2023-02-15,힐스테이트 초곡,84.84,37570,14,경상북도 포항북구 흥해읍 초곡리
2023-02-17,힐스테이트 초곡,59.76,24374,17,경상북도 포항북구 흥해읍 초곡리
2023-03-06,힐스테이트 초곡,74.64,28859,6,경상북도 포항북구 흥해읍 초곡리
2023-03-08,힐스테이트 초곡,74.99,29300,12,경상북도 포항북구 흥해읍 초곡리
2023-03-08,힐스테이트 초곡,84.86,37570,10,경상북도 포항북구 흥해읍 초곡리
2023-03-09,힐스테이트 초곡,84.84,34970,22,경상북도 포항북구 흥해읍 초곡리
2023-03-20,힐스테이트 초곡,84.84,34870,14,경상북도 포항북구 흥해읍 초곡리
2023-05-03,힐스테이트 초곡,84.86,36970,8,경상북도 포항북구 흥해읍 초곡리
2022-07-19,한화 포레나 포항 2차,84.92,39850,12,경상북도 포항북구 흥해읍 학천리
2023-04-04,학산 한신더휴 엘리트파크,84.92,50000,32,경상북도 포항북구 학산동